notice_id,supplier_name,supplier_norm,aliases,companies_house,awarded_value,published,start,end,live_in_window,ended_before_window,n_suppliers_on_notice
IT-402-974-P00000974 - AWARD,Swan Advocacy Network,SWAN ADVOCACY NETWORK,SWAN ADVOCACY NETWORK,,0.0,2023-10-10,2023-10-01,2028-09-30,True,False,2
IT-402-974-P00000974 - AWARD,The Advocacy People,THE ADVOCACY PEOPLE,THE ADVOCACY PEOPLE,,0.0,2023-10-10,2023-10-01,2028-09-30,True,False,2
P00000986,Davis and Associates Consultancy Limited,DAVIS AND ASSOCIATES CONSULTANCY,DAVIS AND ASSOCIATES CONSULTANCY,12275219,25000.0,2023-03-29,2023-04-01,2023-09-30,False,True,1
P00001196,School of Sexuality Education Ltd,SCHOOL OF SEXUALITY EDUCATION,SCHOOL OF SEXUALITY EDUCATION,10625640,17500.0,2023-09-18,2023-09-15,2027-03-31,True,False,1
IT-402-1452-P00001452 - AWARD,GeoPlace LLP,GEOPLACE,GEOPLACE,,24500.0,2024-11-07,2024-11-04,2025-03-31,False,True,1
P00000715,On-AV Ltd,ON AV,ON AV,09009380,67828.0,2022-06-23,2022-07-01,2022-09-30,False,True,1
IT-402-1083-P00001083 - AWARD,Berkshire Mechanical Services,BERKSHIRE MECHANICAL SERVICES,BERKSHIRE MECHANICAL SERVICES,,0.0,2024-06-18,2023-07-14,2024-03-31,False,True,1
IT-402-911-P00000911 - AWARD,EA Recovery & Contracting Services Ltd. T/A Station Tyres &a,EA RECOVERY AND CONTRACTING SERVICES TA STATION TYRES AND A,EA RECOVERY AND CONTRACTING SERVICES TA STATION TYRES AND A|EA RECOVERY AND CONTRACTING SERVICES|STATION TYRES AND A,,38567.08,2023-06-27,2023-05-08,2027-05-07,True,False,1
West Berkshire Council Transport Dynamic Purchasing System (DPS) Ongoing awards July-Sept 2025,A Star Executive Cars,A STAR EXECUTIVE CARS,A STAR EXECUTIVE CARS,14996544,7674269.1,2025-12-16,2025-08-01,2030-07-31,True,False,18
West Berkshire Council Transport Dynamic Purchasing System (DPS) Ongoing awards July-Sept 2025,A1 Cars Reading,A1 CARS READING,A1 CARS READING,7132400192,7674269.1,2025-12-16,2025-08-01,2030-07-31,True,False,18
West Berkshire Council Transport Dynamic Purchasing System (DPS) Ongoing awards July-Sept 2025,ABC Travel,ABC TRAVEL,ABC TRAVEL,10861375,7674269.1,2025-12-16,2025-08-01,2030-07-31,True,False,18
West Berkshire Council Transport Dynamic Purchasing System (DPS) Ongoing awards July-Sept 2025,Air Premier Cars Berkshire Ltd T/A Broadway Cars,AIR PREMIER CARS BERKSHIRE TA BROADWAY CARS,AIR PREMIER CARS BERKSHIRE TA BROADWAY CARS|AIR PREMIER CARS BERKSHIRE|BROADWAY CARS,8776442,7674269.1,2025-12-16,2025-08-01,2030-07-31,True,False,18
West Berkshire Council Transport Dynamic Purchasing System (DPS) Ongoing awards July-Sept 2025,Alanis Coach Travel,ALANIS COACH TRAVEL,ALANIS COACH TRAVEL,14461234,7674269.1,2025-12-16,2025-08-01,2030-07-31,True,False,18
West Berkshire Council Transport Dynamic Purchasing System (DPS) Ongoing awards July-Sept 2025,Andys Taxis,ANDYS TAXIS,ANDYS TAXIS,,7674269.1,2025-12-16,2025-08-01,2030-07-31,True,False,18
West Berkshire Council Transport Dynamic Purchasing System (DPS) Ongoing awards July-Sept 2025,Bluebird Passenger Services,BLUEBIRD PASSENGER SERVICES,BLUEBIRD PASSENGER SERVICES,,7674269.1,2025-12-16,2025-08-01,2030-07-31,True,False,18
West Berkshire Council Transport Dynamic Purchasing System (DPS) Ongoing awards July-Sept 2025,Comfi Cars UK Limited,COMFI CARS UK,COMFI CARS UK,11314026,7674269.1,2025-12-16,2025-08-01,2030-07-31,True,False,18
West Berkshire Council Transport Dynamic Purchasing System (DPS) Ongoing awards July-Sept 2025,Compass Executive Cars,COMPASS EXECUTIVE CARS,COMPASS EXECUTIVE CARS,08274551,7674269.1,2025-12-16,2025-08-01,2030-07-31,True,False,18
West Berkshire Council Transport Dynamic Purchasing System (DPS) Ongoing awards July-Sept 2025,DJ Travel of Berkshire Ltd,DJ TRAVEL OF BERKSHIRE,DJ TRAVEL OF BERKSHIRE,06683216,7674269.1,2025-12-16,2025-08-01,2030-07-31,True,False,18
West Berkshire Council Transport Dynamic Purchasing System (DPS) Ongoing awards July-Sept 2025,FD Travels Ltd t/a School Express,FD TRAVELS TA SCHOOL EXPRESS,FD TRAVELS TA SCHOOL EXPRESS|FD TRAVELS|SCHOOL EXPRESS,084693784,7674269.1,2025-12-16,2025-08-01,2030-07-31,True,False,18
West Berkshire Council Transport Dynamic Purchasing System (DPS) Ongoing awards July-Sept 2025,Golden Aura Care,GOLDEN AURA CARE,GOLDEN AURA CARE,14963438,7674269.1,2025-12-16,2025-08-01,2030-07-31,True,False,18
West Berkshire Council Transport Dynamic Purchasing System (DPS) Ongoing awards July-Sept 2025,Miracle Taxis LTD t/a Premier Cars,MIRACLE TAXIS TA PREMIER CARS,MIRACLE TAXIS TA PREMIER CARS|MIRACLE TAXIS|PREMIER CARS,2802320,7674269.1,2025-12-16,2025-08-01,2030-07-31,True,False,18
West Berkshire Council Transport Dynamic Purchasing System (DPS) Ongoing awards July-Sept 2025,Pottingers Hire Services,POTTINGERS HIRE SERVICES,POTTINGERS HIRE SERVICES,,7674269.1,2025-12-16,2025-08-01,2030-07-31,True,False,18
West Berkshire Council Transport Dynamic Purchasing System (DPS) Ongoing awards July-Sept 2025,Prompt Cars,PROMPT CARS,PROMPT CARS,12588541,7674269.1,2025-12-16,2025-08-01,2030-07-31,True,False,18
West Berkshire Council Transport Dynamic Purchasing System (DPS) Ongoing awards July-Sept 2025,Southern Coach Lines Ltd T/A Aldermaston Coach Lines,SOUTHERN COACH LINES TA ALDERMASTON COACH LINES,SOUTHERN COACH LINES TA ALDERMASTON COACH LINES|SOUTHERN COACH LINES|ALDERMASTON COACH LINES,11366175,7674269.1,2025-12-16,2025-08-01,2030-07-31,True,False,18
West Berkshire Council Transport Dynamic Purchasing System (DPS) Ongoing awards July-Sept 2025,Valley Cars,VALLEY CARS,VALLEY CARS,929175202,7674269.1,2025-12-16,2025-08-01,2030-07-31,True,False,18
West Berkshire Council Transport Dynamic Purchasing System (DPS) Ongoing awards July-Sept 2025,Weavaway Travel Group Ltd,WEAVAWAY TRAVEL GROUP,WEAVAWAY TRAVEL GROUP,06065092,7674269.1,2025-12-16,2025-08-01,2030-07-31,True,False,18
West Berkshire Council Transport - Dynamic Purchasing System (DPS) ongoing awards Oct-Dec 2025,A1 Cars,A1 CARS,A1 CARS,,835770.75,2026-05-11,2025-11-10,2030-07-31,True,False,12
West Berkshire Council Transport - Dynamic Purchasing System (DPS) ongoing awards Oct-Dec 2025,ABC Travel,ABC TRAVEL,ABC TRAVEL,10861375,835770.75,2026-05-11,2025-11-10,2030-07-31,True,False,12
West Berkshire Council Transport - Dynamic Purchasing System (DPS) ongoing awards Oct-Dec 2025,Alanis Coach Travel,ALANIS COACH TRAVEL,ALANIS COACH TRAVEL,14461234,835770.75,2026-05-11,2025-11-10,2030-07-31,True,False,12
West Berkshire Council Transport - Dynamic Purchasing System (DPS) ongoing awards Oct-Dec 2025,Bluebird Passenger Services,BLUEBIRD PASSENGER SERVICES,BLUEBIRD PASSENGER SERVICES,,835770.75,2026-05-11,2025-11-10,2030-07-31,True,False,12
West Berkshire Council Transport - Dynamic Purchasing System (DPS) ongoing awards Oct-Dec 2025,Compass Executive Cars,COMPASS EXECUTIVE CARS,COMPASS EXECUTIVE CARS,08274551,835770.75,2026-05-11,2025-11-10,2030-07-31,True,False,12
West Berkshire Council Transport - Dynamic Purchasing System (DPS) ongoing awards Oct-Dec 2025,DJ Travel of Berkshire Ltd,DJ TRAVEL OF BERKSHIRE,DJ TRAVEL OF BERKSHIRE,06683216,835770.75,2026-05-11,2025-11-10,2030-07-31,True,False,12
West Berkshire Council Transport - Dynamic Purchasing System (DPS) ongoing awards Oct-Dec 2025,Elite Mini Coaches,ELITE MINI COACHES,ELITE MINI COACHES,09538908,835770.75,2026-05-11,2025-11-10,2030-07-31,True,False,12
West Berkshire Council Transport - Dynamic Purchasing System (DPS) ongoing awards Oct-Dec 2025,FD Travels Ltd t/a School Express,FD TRAVELS TA SCHOOL EXPRESS,FD TRAVELS TA SCHOOL EXPRESS|FD TRAVELS|SCHOOL EXPRESS,084693784,835770.75,2026-05-11,2025-11-10,2030-07-31,True,False,12
West Berkshire Council Transport - Dynamic Purchasing System (DPS) ongoing awards Oct-Dec 2025,Golden Aura Care,GOLDEN AURA CARE,GOLDEN AURA CARE,14963438,835770.75,2026-05-11,2025-11-10,2030-07-31,True,False,12
West Berkshire Council Transport - Dynamic Purchasing System (DPS) ongoing awards Oct-Dec 2025,Penmar Transport,PENMAR TRANSPORT,PENMAR TRANSPORT,06583606,835770.75,2026-05-11,2025-11-10,2030-07-31,True,False,12
West Berkshire Council Transport - Dynamic Purchasing System (DPS) ongoing awards Oct-Dec 2025,Premier Cars,PREMIER CARS,PREMIER CARS,2802320,835770.75,2026-05-11,2025-11-10,2030-07-31,True,False,12
West Berkshire Council Transport - Dynamic Purchasing System (DPS) ongoing awards Oct-Dec 2025,Prompt Cars,PROMPT CARS,PROMPT CARS,12588541,835770.75,2026-05-11,2025-11-10,2030-07-31,True,False,12
West Berkshire Council Transport - Dynamic Purchasing System (DPS) ongoing awards Jan-Mar 2026,A Star Executive Cars,A STAR EXECUTIVE CARS,A STAR EXECUTIVE CARS,14996544,438156.0,2026-06-03,2026-02-10,2029-07-31,True,False,5
West Berkshire Council Transport - Dynamic Purchasing System (DPS) ongoing awards Jan-Mar 2026,ABC Travel LTD,ABC TRAVEL,ABC TRAVEL,10861375,438156.0,2026-06-03,2026-02-10,2029-07-31,True,False,5
West Berkshire Council Transport - Dynamic Purchasing System (DPS) ongoing awards Jan-Mar 2026,Ace Wheelchair Travel,ACE WHEELCHAIR TRAVEL,ACE WHEELCHAIR TRAVEL,296285946,438156.0,2026-06-03,2026-02-10,2029-07-31,True,False,5
West Berkshire Council Transport - Dynamic Purchasing System (DPS) ongoing awards Jan-Mar 2026,Compass Executive Cars,COMPASS EXECUTIVE CARS,COMPASS EXECUTIVE CARS,08274551,438156.0,2026-06-03,2026-02-10,2029-07-31,True,False,5
West Berkshire Council Transport - Dynamic Purchasing System (DPS) ongoing awards Jan-Mar 2026,Prompt Cars,PROMPT CARS,PROMPT CARS,12588541,438156.0,2026-06-03,2026-02-10,2029-07-31,True,False,5
West Berkshire Council Transport - Dynamic Purchasing System (DPS) ongoing awards Jan-Mar 2025,A1 Cars,A1 CARS,A1 CARS,,47337.6,2025-07-10,2025-03-03,2026-07-31,True,False,3
West Berkshire Council Transport - Dynamic Purchasing System (DPS) ongoing awards Jan-Mar 2025,Comapass Executive Cars,COMAPASS EXECUTIVE CARS,COMAPASS EXECUTIVE CARS,8274551,47337.6,2025-07-10,2025-03-03,2026-07-31,True,False,3
West Berkshire Council Transport - Dynamic Purchasing System (DPS) ongoing awards Jan-Mar 2025,Alanis Coach Travel,ALANIS COACH TRAVEL,ALANIS COACH TRAVEL,14461234,47337.6,2025-07-10,2025-03-03,2026-07-31,True,False,3
P00000926,BERKSHIRE WOMEN'S AID,BERKSHIRE WOMENS AID,BERKSHIRE WOMENS AID,03081670,474837.0,2023-01-24,2023-04-01,2026-03-31,False,True,1
P00000342,ABC Travel (Wokingham) Ltd,ABC TRAVEL WOKINGHAM,ABC TRAVEL WOKINGHAM,12254093,8841944.5,2022-10-26,2022-09-05,2027-07-31,True,False,19
P00000342,Andy's Taxis,ANDYS TAXIS,ANDYS TAXIS,,8841944.5,2022-10-26,2022-09-05,2027-07-31,True,False,19
P00000342,BAILEYS COACHES LIMITED,BAILEYS COACHES,BAILEYS COACHES,03118837,8841944.5,2022-10-26,2022-09-05,2027-07-31,True,False,19
P00000342,Bluebird Passenger Services,BLUEBIRD PASSENGER SERVICES,BLUEBIRD PASSENGER SERVICES,,8841944.5,2022-10-26,2022-09-05,2027-07-31,True,False,19
P00000342,Broadway Cars (Newbury) Ltd,BROADWAY CARS NEWBURY,BROADWAY CARS NEWBURY,,8841944.5,2022-10-26,2022-09-05,2027-07-31,True,False,19
P00000342,Compass Executive Cars UK Ltd,COMPASS EXECUTIVE CARS UK,COMPASS EXECUTIVE CARS UK,,8841944.5,2022-10-26,2022-09-05,2027-07-31,True,False,19
P00000342,DJ Travel of Berkshire Ltd,DJ TRAVEL OF BERKSHIRE,DJ TRAVEL OF BERKSHIRE,,8841944.5,2022-10-26,2022-09-05,2027-07-31,True,False,19
P00000342,FD Travels Ltd t/a School Express,FD TRAVELS TA SCHOOL EXPRESS,FD TRAVELS TA SCHOOL EXPRESS|FD TRAVELS|SCHOOL EXPRESS,,8841944.5,2022-10-26,2022-09-05,2027-07-31,True,False,19
P00000342,Green Metro Cars Reading Ltd,GREEN METRO CARS READING,GREEN METRO CARS READING,,8841944.5,2022-10-26,2022-09-05,2027-07-31,True,False,19
P00000342,HORSEMAN COACHES LIMITED,HORSEMAN COACHES,HORSEMAN COACHES,01339276,8841944.5,2022-10-26,2022-09-05,2027-07-31,True,False,19
P00000342,Kennet & Avon Cars Ltd,KENNET AND AVON CARS,KENNET AND AVON CARS,,8841944.5,2022-10-26,2022-09-05,2027-07-31,True,False,19
P00000342,Newbury & District Ltd,NEWBURY AND DISTRICT,NEWBURY AND DISTRICT,,8841944.5,2022-10-26,2022-09-05,2027-07-31,True,False,19
P00000342,NJM Humphries t/a Coach Miles,NJM HUMPHRIES TA COACH MILES,NJM HUMPHRIES TA COACH MILES|NJM HUMPHRIES|COACH MILES,,8841944.5,2022-10-26,2022-09-05,2027-07-31,True,False,19
P00000342,Penmar Transport Limited,PENMAR TRANSPORT,PENMAR TRANSPORT,,8841944.5,2022-10-26,2022-09-05,2027-07-31,True,False,19
P00000342,Samantha Beaumont,SAMANTHA BEAUMONT,SAMANTHA BEAUMONT,,8841944.5,2022-10-26,2022-09-05,2027-07-31,True,False,19
P00000342,School Travel,SCHOOL TRAVEL,SCHOOL TRAVEL,,8841944.5,2022-10-26,2022-09-05,2027-07-31,True,False,19
P00000342,TK Travel Ltd,TK TRAVEL,TK TRAVEL,,8841944.5,2022-10-26,2022-09-05,2027-07-31,True,False,19
P00000342,WEAVAWAY TRAVEL LTD,WEAVAWAY TRAVEL,WEAVAWAY TRAVEL,6458952,8841944.5,2022-10-26,2022-09-05,2027-07-31,True,False,19
P00000342,Wheels Taxis,WHEELS TAXIS,WHEELS TAXIS,,8841944.5,2022-10-26,2022-09-05,2027-07-31,True,False,19
P00000342 Oct-Dec 2024,Alanis Coach Travel,ALANIS COACH TRAVEL,ALANIS COACH TRAVEL,14461234,831021.0,2025-07-10,2024-10-07,2028-07-31,True,False,8
P00000342 Oct-Dec 2024,Andy Cox,ANDY COX,ANDY COX,,831021.0,2025-07-10,2024-10-07,2028-07-31,True,False,8
P00000342 Oct-Dec 2024,Bluebird Passenger Services,BLUEBIRD PASSENGER SERVICES,BLUEBIRD PASSENGER SERVICES,,831021.0,2025-07-10,2024-10-07,2028-07-31,True,False,8
P00000342 Oct-Dec 2024,Golden Aura Care Limited,GOLDEN AURA CARE,GOLDEN AURA CARE,14963438,831021.0,2025-07-10,2024-10-07,2028-07-31,True,False,8
P00000342 Oct-Dec 2024,MFR Contracts,MFR CONTRACTS,MFR CONTRACTS,,831021.0,2025-07-10,2024-10-07,2028-07-31,True,False,8
P00000342 Oct-Dec 2024,Penmar Transport Services,PENMAR TRANSPORT SERVICES,PENMAR TRANSPORT SERVICES,6583606,831021.0,2025-07-10,2024-10-07,2028-07-31,True,False,8
P00000342 Oct-Dec 2024,Prompt Cars,PROMPT CARS,PROMPT CARS,12588541,831021.0,2025-07-10,2024-10-07,2028-07-31,True,False,8
P00000342 Oct-Dec 2024,School Express,SCHOOL EXPRESS,SCHOOL EXPRESS,084693784,831021.0,2025-07-10,2024-10-07,2028-07-31,True,False,8
P00001009,Southern Communications Corporate Solutions Ltd,SOUTHERN COMMUNICATIONS CORPORATE SOLUTIONS,SOUTHERN COMMUNICATIONS CORPORATE SOLUTIONS,02645307,303131.96,2023-07-31,2023-08-15,2030-08-14,True,False,1
P00000342 Jan-Mar 2023,Compass Executive Cars UK Ltd,COMPASS EXECUTIVE CARS UK,COMPASS EXECUTIVE CARS UK,8274551,434393.8,2023-04-22,2023-04-01,2027-07-31,True,False,4
P00000342 Jan-Mar 2023,DJ Travel Ltd,DJ TRAVEL,DJ TRAVEL,06683216,434393.8,2023-04-22,2023-04-01,2027-07-31,True,False,4
P00000342 Jan-Mar 2023,ABC Travel (Wokingham) LTD,ABC TRAVEL WOKINGHAM,ABC TRAVEL WOKINGHAM,10861375,434393.8,2023-04-22,2023-04-01,2027-07-31,True,False,4
P00000342 Jan-Mar 2023,Bluebird Passenger Services,BLUEBIRD PASSENGER SERVICES,BLUEBIRD PASSENGER SERVICES,,434393.8,2023-04-22,2023-04-01,2027-07-31,True,False,4
P00000342 Oct-Dec 2022,Almaaz 59 Ltd T/A School Travel,ALMAAZ 59 TA SCHOOL TRAVEL,ALMAAZ 59 TA SCHOOL TRAVEL|ALMAAZ 59|SCHOOL TRAVEL,05572795,1212097.04,2023-01-03,2023-01-04,2027-07-31,True,False,7
P00000342 Oct-Dec 2022,Daniel Griffiths T/A Bluebird Passenger Services,DANIEL GRIFFITHS TA BLUEBIRD PASSENGER SERVICES,DANIEL GRIFFITHS TA BLUEBIRD PASSENGER SERVICES|DANIEL GRIFFITHS|BLUEBIRD PASSENGER SERVICES,,1212097.04,2023-01-03,2023-01-04,2027-07-31,True,False,7
P00000342 Oct-Dec 2022,FD Travels T/A School Express,FD TRAVELS TA SCHOOL EXPRESS,FD TRAVELS TA SCHOOL EXPRESS|FD TRAVELS|SCHOOL EXPRESS,084693784,1212097.04,2023-01-03,2023-01-04,2027-07-31,True,False,7
P00000342 Oct-Dec 2022,Green Metro,GREEN METRO,GREEN METRO,09103413,1212097.04,2023-01-03,2023-01-04,2027-07-31,True,False,7
P00000342 Oct-Dec 2022,K Ricketts & S Richards,K RICKETTS AND S RICHARDS,K RICKETTS AND S RICHARDS,,1212097.04,2023-01-03,2023-01-04,2027-07-31,True,False,7
P00000342 Oct-Dec 2022,Miracle Taxis ta Premier Cars,MIRACLE TAXIS TA PREMIER CARS,MIRACLE TAXIS TA PREMIER CARS|MIRACLE TAXIS|PREMIER CARS,2802320,1212097.04,2023-01-03,2023-01-04,2027-07-31,True,False,7
P00000342 Oct-Dec 2022,Valley Cars,VALLEY CARS,VALLEY CARS,09310016,1212097.04,2023-01-03,2023-01-04,2027-07-31,True,False,7
P00000659,Invotra Consulting Limited,INVOTRA CONSULTING,INVOTRA CONSULTING,12292466,18080.0,2022-03-10,2022-03-21,2022-06-13,False,True,1
P00001043,Tactical Facilities Management Ltd,TACTICAL FACILITIES MANAGEMENT,TACTICAL FACILITIES MANAGEMENT,11719682,23242.93,2023-06-05,2023-06-05,2023-09-30,False,True,1
P00000739,The Equal Group,THE EQUAL GROUP,THE EQUAL GROUP,11495734,19800.0,2022-07-01,2022-07-11,2023-03-31,False,True,1
P00000740,Temple Group Limited,TEMPLE GROUP,TEMPLE GROUP,3305849,5350.0,2022-07-01,2022-07-11,2022-09-16,False,True,1
IT-402-1354-P00001354 - AWARD,Morton Pattison Ltd,MORTON PATTISON,MORTON PATTISON,,24000.0,2024-06-20,2024-06-18,2024-10-18,False,True,1
IT-402-1200-P00001200 - AWARD,Elite Alarm Monitoring Services Limited t/a Elite Security Group,ELITE ALARM MONITORING SERVICES TA ELITE SECURITY GROUP,ELITE ALARM MONITORING SERVICES TA ELITE SECURITY GROUP|ELITE ALARM MONITORING SERVICES|ELITE SECURITY GROUP,,175000.0,2024-06-25,2024-03-01,2027-02-28,True,False,1
P00000565 - AWARD,AECOM Limited,AECOM,AECOM,,91572.6,2021-12-10,2021-12-21,2023-03-31,False,True,1
IT-402-1310-P00001310 - AWARD,Ebsford Environmental Ltd,EBSFORD ENVIRONMENTAL,EBSFORD ENVIRONMENTAL,,94080.0,2024-03-11,2024-03-01,2024-04-12,False,True,1
IT-402-1300-P00001300 - AWARD,Hope & Clay (Construction) Ltd,HOPE AND CLAY CONSTRUCTION,HOPE AND CLAY CONSTRUCTION,,1220091.0,2024-07-30,2024-05-20,2024-10-11,False,True,1
IT-402-1293-P00001293 - AWARD,Feltham Construction Ltd,FELTHAM CONSTRUCTION,FELTHAM CONSTRUCTION,,3153752.0,2024-07-10,2024-07-10,2025-01-31,False,True,1
IT-402-994-P00000994 - AWARD,Beard Construction,BEARD CONSTRUCTION,BEARD CONSTRUCTION,,310123.0,2023-09-11,2023-05-02,2023-09-01,False,True,1
IT-402-720-P00000720 - AWARD,Contract Trading Services Limited,CONTRACT TRADING SERVICES,CONTRACT TRADING SERVICES,,4021432.0,2023-03-14,2022-10-24,2023-08-28,False,True,1
IT-402-1102-P00001102 - AWARD,LIFE Build Solutions Limited,LIFE BUILD SOLUTIONS,LIFE BUILD SOLUTIONS,,1162189.0,2024-02-21,2023-10-02,2024-03-15,False,True,1
IT-402-1480-P00001480 - AWARD,Wilks Head & Eve LLP,WILKS HEAD AND EVE,WILKS HEAD AND EVE,,36200.0,2025-01-17,2025-01-06,2030-01-05,True,False,1
IT-402-1515-P00001515 - AWARD,Forfront Ltd,FORFRONT,FORFRONT,,63700.0,2025-08-27,2025-03-10,2029-03-09,True,False,1
P00001439,Stuart Todd Associates,STUART TODD ASSOCIATES,STUART TODD ASSOCIATES,08284517,49883.93,2024-10-28,2024-10-31,2025-05-01,False,True,1
IT-402-978-P00000978 - AWARD,Care Outlook Ltd,CARE OUTLOOK,CARE OUTLOOK,,7100000.0,2025-02-11,2023-10-01,2028-09-30,True,False,1
IT-402-1089-P00001089 - AWARD,Housing 21,HOUSING 21,HOUSING 21,,3570000.0,2025-02-11,2023-10-01,2030-09-30,True,False,1
IT-402-1432-P00001432 - AWARD,Two Saints Ltd,TWO SAINTS,TWO SAINTS,,2500000.0,2025-02-11,2025-04-01,2030-04-01,True,False,1
P00001173,Trust House Reading,TRUST HOUSE READING,TRUST HOUSE READING,1174926,75000.0,2023-09-13,2023-09-04,2028-08-31,True,False,1
P00000897,SOLUTIONS 4 HEALTH LTD,SOLUTIONS 4 HEALTH,SOLUTIONS 4 HEALTH,06475161,54908.0,2022-11-22,2022-11-22,2023-02-28,False,True,1
IT-402-1044-P00001044 - AWARD,Newbury & District Ltd,NEWBURY AND DISTRICT,NEWBURY AND DISTRICT,,9277640.32,2024-05-10,2024-09-05,2032-09-04,True,False,1
IT-402-1365-P00001365 - AWARD,Tricolor Limited,TRICOLOR,TRICOLOR,,14857.5,2024-07-18,2024-07-15,2024-09-30,False,True,1
IT-402-949-P00000949 - AWARD,Four One Four Ltd,FOUR ONE FOUR,FOUR ONE FOUR,,112700.0,2023-09-19,2023-08-07,2023-09-29,False,True,1
IT-402-1172-P00001172 - AWARD,ODS Group,ODS GROUP,ODS GROUP,,8254.0,2024-03-13,2023-10-20,2024-10-19,False,True,1
IT-402-925-P00000925 - AWARD,Beard Construction,BEARD CONSTRUCTION,BEARD CONSTRUCTION,,4200000.0,2023-07-18,2023-05-01,2026-04-30,False,True,1
IT-402-864-P00000864 - AWARD,Hope & Clay (Construction) Ltd,HOPE AND CLAY CONSTRUCTION,HOPE AND CLAY CONSTRUCTION,,1653817.6,2023-06-26,2023-03-27,2023-12-22,False,True,1
IT-402-634-P00000634 - AWARD,Easton Bevins,EASTON BEVINS,EASTON BEVINS,,44405.0,2022-03-04,2022-04-01,2025-03-31,False,True,1
IT-402-551-P00000551 - AWARD,HAGS SMP Ltd,HAGS SMP,HAGS SMP,,80451.97,2022-01-17,2022-01-17,2022-05-27,False,True,1
P00000755,GROUNDWORK LONDON,GROUNDWORK LONDON,GROUNDWORK LONDON,04212532,14600.0,2022-08-09,2022-08-09,2023-03-31,False,True,1
P00000927,STUART MICHAEL ASSOCIATES LIMITED,STUART MICHAEL ASSOCIATES,STUART MICHAEL ASSOCIATES,03739154,20000.0,2023-01-23,2023-01-20,2023-06-20,False,True,1
IT-402-1527-P00001527 - AWARD,Feltham Construction Ltd,FELTHAM CONSTRUCTION,FELTHAM CONSTRUCTION,,2612663.0,2026-01-15,2026-03-09,2027-02-17,True,False,1
P00000957,Time to Talk West Bekrshire,TIME TO TALK WEST BEKRSHIRE,TIME TO TALK WEST BEKRSHIRE,CE000632,72900.0,2023-04-14,2023-04-01,2026-03-31,False,True,1
P00000883,UBITRICITY DISTRIBUTED ENERGY SYSTEMS UK LIMITED,UBITRICITY DISTRIBUTED ENERGY SYSTEMS UK,UBITRICITY DISTRIBUTED ENERGY SYSTEMS UK,11393390,425375.0,2023-03-30,2023-04-03,2027-04-02,True,False,1
P00000651,STUART MICHAEL ASSOCIATES LIMITED,STUART MICHAEL ASSOCIATES,STUART MICHAEL ASSOCIATES,03739154,21950.0,2022-05-09,2022-03-28,2022-06-30,False,True,1
IT-402-1563-P00001563 - AWARD,Alanis coach Travel Ltd,ALANIS COACH TRAVEL,ALANIS COACH TRAVEL,,32160.0,2025-04-22,2025-04-22,2026-02-06,False,True,1
P00001021,WCL (UK) LIMITED,WCL UK,WCL UK,07689604,407558.59,2024-02-16,2024-04-01,2027-03-31,True,False,1
P00000947,SJG Consultancy Ltd,SJG CONSULTANCY,SJG CONSULTANCY,9490889,25000.0,2023-03-15,2023-03-13,2023-07-31,False,True,1
P00001310,People Places Lives Limited,PEOPLE PLACES LIVES,PEOPLE PLACES LIVES,06654748,115069.0,2024-05-10,2024-04-12,2026-03-31,False,True,1
P00000067 - AWARD,ACS TECHNOLOGY GROUP LTD,ACS TECHNOLOGY GROUP,ACS TECHNOLOGY GROUP,06584936,0.0,2024-03-19,2019-01-01,2025-12-31,False,True,1
IT-402-1488-P00001488 - AWARD,Glen Cleaning,GLEN CLEANING,GLEN CLEANING,,0.0,2025-11-25,2025-05-01,2030-04-30,True,False,1
IT-402-1547-P00001547 - AWARD,Swings & Smiles,SWINGS AND SMILES,SWINGS AND SMILES,,0.0,2025-05-06,2025-04-01,2026-03-31,False,True,1
P00001146,SWARCO Smart Charging Ltd,SWARCO SMART CHARGING,SWARCO SMART CHARGING,14479077,1381042.0,2024-04-29,2023-11-20,2027-11-19,True,False,1
P00001298,Leisure Energy Ltd,LEISURE ENERGY,LEISURE ENERGY,08938136,196990.0,2024-03-07,2023-12-19,2024-03-18,False,True,1
P00001023,THE UNIVERSITY OF BUCKINGHAM,THE UNIVERSITY OF BUCKINGHAM,THE UNIVERSITY OF BUCKINGHAM,RC000730,27000.0,2023-06-21,2023-09-04,2025-07-31,False,True,1
IT-402-1517-P00001517 - AWARD,A Star Executive Cars Ltd,A STAR EXECUTIVE CARS,A STAR EXECUTIVE CARS,,29520.0,2025-01-10,2025-01-07,2025-07-31,False,True,1
ST JOHN AND ST NICOLAS SCHOOLS FEDERATION,Dolce Ltd,DOLCE,DOLCE,02470662,179790.0,2023-05-25,2023-09-01,2028-08-31,True,False,1
P00001230,Newbury & District Ltd,NEWBURY AND DISTRICT,NEWBURY AND DISTRICT,7491219,89352.0,2024-01-19,2023-10-31,2024-07-31,False,True,1
P00001214,Newbury & District Ltd,NEWBURY AND DISTRICT,NEWBURY AND DISTRICT,7491219,110960.0,2024-01-19,2023-09-05,2024-07-31,False,True,1
IT-402-1742-P00001742 - AWARD,CLC Contractors Limited,CLC CONTRACTORS,CLC CONTRACTORS,,2412030.88,2026-09-09,2026-08-31,2027-02-10,False,False,1
IT-402-1584-P00001584 - AWARD,Ricoh UK Ltd,RICOH UK,RICOH UK,,263013.0,2025-10-07,2025-10-01,2032-09-30,True,False,1
IT-402-1549-P00001549 - AWARD,Ascia Construction Limited,ASCIA CONSTRUCTION,ASCIA CONSTRUCTION,,3703481.34,2025-10-07,2025-09-22,2026-10-26,True,False,1
IT-402-1529-P00001529 - AWARD,Pluxee UK Ltd.,PLUXEE UK,PLUXEE UK,,27305.2,2025-04-29,2025-06-01,2027-05-31,True,False,1
IT-402-1498-P00001498 - AWARD,bookinglab,BOOKINGLAB,BOOKINGLAB,,173000.0,2025-03-19,2025-04-01,2032-03-31,True,False,1
IT-402-1511-P00001511 - AWARD,Blakedown Sport & Play Limited,BLAKEDOWN SPORT AND PLAY,BLAKEDOWN SPORT AND PLAY,,120512.0,2025-03-19,2025-03-14,2025-06-16,False,True,1
IT-402-1491-P00001491 - AWARD,Ways into Work CiC,WAYS INTO WORK CIC,WAYS INTO WORK CIC,,0.0,2025-02-20,2025-04-01,2028-03-31,True,False,1
IT-402-1426-P00001426 - AWARD,Beard Construction,BEARD CONSTRUCTION,BEARD CONSTRUCTION,,2213158.0,2025-01-23,2025-02-10,2025-12-08,False,True,1
IT-402-1494-P00001494 - AWARD,Wilks Head & Eve LLP,WILKS HEAD AND EVE,WILKS HEAD AND EVE,,47000.0,2025-01-17,2025-01-06,2029-01-05,True,False,1
IT-402-1399-P00001399 - AWARD,Kyocera Document Solutions (UK) Limited,KYOCERA DOCUMENT SOLUTIONS UK,KYOCERA DOCUMENT SOLUTIONS UK,,205648.7,2024-11-12,2024-10-28,2029-10-27,True,False,1
P00001198,2ENGAGE PERFORMING ARTS C.I.C.,2ENGAGE PERFORMING ARTS CIC,2ENGAGE PERFORMING ARTS CIC,07927523,13465.0,2023-09-26,2023-10-02,2024-03-31,False,True,1
P00001042,Insight Direct (UK) Ltd,INSIGHT DIRECT UK,INSIGHT DIRECT UK,2579852,1915881.33,2023-09-25,2023-08-10,2029-08-09,True,False,1
P00001038,Boxxe Limited,BOXXE,BOXXE,02109168,80260.23,2023-06-12,2023-07-01,2028-06-30,True,False,1
P00001003,TILE HILL INTERIM & EXECUTIVE LIMITED,TILE HILL INTERIM AND EXECUTIVE,TILE HILL INTERIM AND EXECUTIVE,10484468,29250.0,2023-05-02,2023-04-24,2023-09-30,False,True,1
P00001007,CCS Media Limited,CCS MEDIA,CCS MEDIA,04418144,62950.0,2023-05-02,2023-04-18,2023-05-31,False,True,1
P00000987,Permiserv Limited,PERMISERV,PERMISERV,01175435,37100.0,2023-03-29,2023-07-01,2024-06-30,False,True,1
G-Cloud 12 Framework,G7 Business Solutions Limited,G7 BUSINESS SOLUTIONS,G7 BUSINESS SOLUTIONS,,105694.0,2021-02-23,2021-01-18,2023-01-18,False,True,1
2019,Alliance Leisure Services Limited,ALLIANCE LEISURE SERVICES,ALLIANCE LEISURE SERVICES,02723797,309011.24,2026-07-15,2026-06-26,2026-09-29,True,False,1
IT-402-1666-P00001666 - AWARD,Softcat,SOFTCAT,SOFTCAT,,57907.0,2025-09-16,2025-10-03,2028-10-02,True,False,1
IT-402-1599-P00001599 - AWARD,SMS Environmental Limited,SMS ENVIRONMENTAL,SMS ENVIRONMENTAL,,26021.66,2025-07-21,2025-08-01,2027-07-31,True,False,1
IT-402-1535-P00001535 - AWARD,Techbuyer Ltd,TECHBUYER,TECHBUYER,,230845.0,2025-07-18,2025-05-21,2032-05-20,True,False,1
RM6099,Causeway Technologies Limited,CAUSEWAY TECHNOLOGIES,CAUSEWAY TECHNOLOGIES,03921897,97971.0,2025-04-03,2025-04-01,2028-03-31,True,False,1
G-Cloud 14 RM1557.14,EXACOM SYSTEMS LTD,EXACOM SYSTEMS,EXACOM SYSTEMS,7356515,50358.0,2025-03-31,2025-04-01,2029-03-31,True,False,1
IT-402-1545-P00001545 - AWARD,Ace Wheelchair Travel,ACE WHEELCHAIR TRAVEL,ACE WHEELCHAIR TRAVEL,,45280.0,2025-03-04,2025-02-21,2026-07-31,True,False,1
IT-402-1542-P00001542 - AWARD,K Ricketts & S Richards Taxis,K RICKETTS AND S RICHARDS TAXIS,K RICKETTS AND S RICHARDS TAXIS,,38916.0,2025-02-27,2025-02-24,2027-07-31,True,False,1
IT-402-1370-P00001370 - AWARD,Community Homes Of Intensive Care & Education,COMMUNITY HOMES OF INTENSIVE CARE AND EDUCATION,COMMUNITY HOMES OF INTENSIVE CARE AND EDUCATION,,3842410.0,2025-02-11,2024-12-05,2034-12-04,True,False,1
IT-402-1485-P00001485 - AWARD,Alanis coach Travel Ltd,ALANIS COACH TRAVEL,ALANIS COACH TRAVEL,,28388.0,2024-11-27,2024-11-11,2025-07-31,False,True,1
IT-402-1429-P00001429 - AWARD,Lambert Smith Hampton Group Ltd,LAMBERT SMITH HAMPTON GROUP,LAMBERT SMITH HAMPTON GROUP,,450984.0,2024-11-15,2024-10-29,2027-10-28,True,False,1
CL 881 / G-Cloud 13,FRONTLINE DATA LIMITED,FRONTLINE DATA,FRONTLINE DATA,05427762,93000.0,2024-11-12,2024-10-02,2028-10-01,True,False,1
IT-402-1471-P00001471 - AWARD,FD Travels Ltd t/a School Express,FD TRAVELS TA SCHOOL EXPRESS,FD TRAVELS TA SCHOOL EXPRESS|FD TRAVELS|SCHOOL EXPRESS,,130134.0,2024-11-11,2024-11-08,2027-07-31,True,False,1
IT-402-1363-P00001363 - AWARD,BTU(Installation & Maintenance) Limited,BTU INSTALLATION AND MAINTENANCE,BTU INSTALLATION AND MAINTENANCE,,0.0,2024-10-31,2024-07-25,2024-11-01,False,True,1
Corporate Housing System,Civica UK Ltd,CIVICA UK,CIVICA UK,01628868,102718.84,2024-06-03,2024-05-01,2028-04-30,True,False,1
RM6259 / CL 835,ESRI (UK) Limited,ESRI UK,ESRI UK,01288342,114334.0,2024-06-03,2024-04-01,2027-03-31,True,False,1
Road AI,VAISALA LIMITED,VAISALA,VAISALA,01487125,29859.0,2024-05-10,2024-04-30,2025-04-29,False,True,1
Youth Justice - ChildView,CACI,CACI,CACI,01649776,58937.0,2024-05-10,2018-05-01,2025-04-30,False,True,1
P00001337,Alanis Coaches Travel Ltd,ALANIS COACHES TRAVEL,ALANIS COACHES TRAVEL,14461234,64022.0,2024-04-05,2024-03-06,2025-07-31,False,True,1
Quotes,Phoenix Software Ltd,PHOENIX SOFTWARE,PHOENIX SOFTWARE,2548628,64770.12,2024-03-28,2024-01-19,2025-01-19,False,True,1
G-Cloud 13 / CL 838,OPEN SYSTEMS LAB LTD,OPEN SYSTEMS LAB,OPEN SYSTEMS LAB,09152368,40000.0,2024-03-28,2024-04-01,2026-03-31,False,True,1
P00001316,Alanis Coaches Travel Ltd,ALANIS COACHES TRAVEL,ALANIS COACHES TRAVEL,14461234,42064.0,2024-02-20,2024-02-06,2026-07-31,True,False,1
P00001318,Compass Executive Cars UK Ltd,COMPASS EXECUTIVE CARS UK,COMPASS EXECUTIVE CARS UK,8274551,35000.0,2024-02-20,2024-02-19,2025-07-31,False,True,1
P00001314,School Express,SCHOOL EXPRESS,SCHOOL EXPRESS,8469374,38192.0,2024-01-24,2024-01-18,2026-07-31,True,False,1
P00001312,Parker Travel,PARKER TRAVEL,PARKER TRAVEL,15342175,102672.0,2024-01-24,2024-01-15,2026-07-31,True,False,1
P00001253,Wheels Taxis,WHEELS TAXIS,WHEELS TAXIS,,38000.0,2024-01-19,2023-10-30,2027-07-31,True,False,1
P00001265,Parker Travel,PARKER TRAVEL,PARKER TRAVEL,15342175,52820.0,2024-01-19,2023-11-14,2025-07-31,False,True,1
P00001280,ABC Travel (Wokingham) LTD,ABC TRAVEL WOKINGHAM,ABC TRAVEL WOKINGHAM,12254093,90117.0,2024-01-19,2023-11-27,2025-07-31,False,True,1
P00001255,School Express,SCHOOL EXPRESS,SCHOOL EXPRESS,8469374,66778.0,2024-01-19,2023-10-31,2025-07-31,False,True,1
P00001247,Green Metro Cars Reading Ltd,GREEN METRO CARS READING,GREEN METRO CARS READING,9103413,28120.0,2024-01-19,2023-10-11,2024-07-31,False,True,1
P00001213,Valley Cars,VALLEY CARS,VALLEY CARS,,68400.0,2024-01-19,2023-09-05,2026-07-31,True,False,1
P00001217,School Travel,SCHOOL TRAVEL,SCHOOL TRAVEL,5572795,30210.0,2024-01-19,2023-09-06,2055-07-31,True,False,1
P00001228,Compass Cars,COMPASS CARS,COMPASS CARS,8274551,31395.0,2024-01-19,2023-10-11,2024-07-31,False,True,1
P00001225,Green Metro Cars Reading Ltd,GREEN METRO CARS READING,GREEN METRO CARS READING,09103413,26600.0,2024-01-19,2023-09-18,2024-07-31,False,True,1
P00001226,Green Metro Cars Reading Ltd,GREEN METRO CARS READING,GREEN METRO CARS READING,9103413,26600.0,2024-01-19,2023-09-18,2024-07-31,False,True,1
P00001232,K Ricketts & S Richards Taxis,K RICKETTS AND S RICHARDS TAXIS,K RICKETTS AND S RICHARDS TAXIS,,29760.0,2024-01-19,2023-09-19,2024-07-31,False,True,1
P00001206,Ace Wheelchair Travel,ACE WHEELCHAIR TRAVEL,ACE WHEELCHAIR TRAVEL,12615719,30400.0,2024-01-19,2023-09-04,2025-07-31,False,True,1
P00001205,Penmar Transport Limited,PENMAR TRANSPORT,PENMAR TRANSPORT,6583606,38000.0,2024-01-19,2023-09-05,2024-07-31,False,True,1
P00001201,School Express,SCHOOL EXPRESS,SCHOOL EXPRESS,8469374,31540.0,2024-01-19,2023-09-05,2024-07-31,False,True,1
P00001278,Bluebird passenger services,BLUEBIRD PASSENGER SERVICES,BLUEBIRD PASSENGER SERVICES,,30800.0,2024-01-19,2023-12-04,2025-07-31,False,True,1
P00001188,Miracle Taxis LTD t/a Premier Cars,MIRACLE TAXIS TA PREMIER CARS,MIRACLE TAXIS TA PREMIER CARS|MIRACLE TAXIS|PREMIER CARS,2802320,38000.0,2024-01-19,2023-09-05,2025-07-31,False,True,1
P00000956,Liftango Ltd,LIFTANGO,LIFTANGO,12760405,75800.0,2023-12-04,2023-09-25,2026-09-24,True,False,1
P00000996,365 RESPONSE LIMITED,365 RESPONSE,365 RESPONSE,08153929,132484.02,2023-12-01,2023-11-01,2026-10-31,True,False,1
RM6068/P00001261,CCS Media Limited,CCS MEDIA,CCS MEDIA,424305485,150870.8,2023-11-09,2023-11-01,2024-03-31,False,True,1
VAS-SPY-17/CL681,CIVICA UK LIMITED,CIVICA UK,CIVICA UK,01628868,105430.0,2023-10-02,2023-08-01,2028-07-31,True,False,1
RM3808/CR786,VODAFONE LIMITED,VODAFONE,VODAFONE,01471587,98825.0,2023-09-29,2023-08-01,2024-07-31,False,True,1
RM6259/CL766,NEC SOFTWARE SOLUTIONS UK LIMITED,NEC SOFTWARE SOLUTIONS UK,NEC SOFTWARE SOLUTIONS UK,00968498,615540.0,2023-09-19,2023-08-01,2026-07-31,True,False,1
UK Leisure Framework,ALLIANCE LEISURE SERVICES LIMITED,ALLIANCE LEISURE SERVICES,ALLIANCE LEISURE SERVICES,02723797,4500000.0,2023-07-20,2023-09-01,2024-12-31,False,True,1
P00000913,INSIGHT DIRECT (UK) LTD,INSIGHT DIRECT UK,INSIGHT DIRECT UK,02579852,1335361.0,2023-04-04,2023-04-01,2026-03-31,False,True,1
P00000844,IDOX SOFTWARE LTD,IDOX SOFTWARE,IDOX SOFTWARE,02933889,714533.0,2023-03-30,2023-04-01,2030-03-31,True,False,1
P00000858,EGRESS SOFTWARE TECHNOLOGIES LIMITED,EGRESS SOFTWARE TECHNOLOGIES,EGRESS SOFTWARE TECHNOLOGIES,06393598,68000.0,2023-03-23,2022-11-26,2024-11-25,False,True,1
P00000857,CAPITA BUSINESS SERVICES LIMITED,CAPITA BUSINESS SERVICES,CAPITA BUSINESS SERVICES,02299747,867461.0,2023-02-06,2023-01-31,2030-04-30,True,False,1
P00000675,PHOENIX SOFTWARE LIMITED,PHOENIX SOFTWARE,PHOENIX SOFTWARE,02548628,197939.5,2023-01-13,2023-01-03,2023-03-31,False,True,1
288 / RM1557.12,GOSS INTERACTIVE LIMITED,GOSS INTERACTIVE,GOSS INTERACTIVE,03553908,233663.0,2021-12-13,2021-12-01,2025-11-30,False,True,1
256 / RM1557.12,QUORUM NETWORK RESOURCES LTD.,QUORUM NETWORK RESOURCES,QUORUM NETWORK RESOURCES,SC196645,262780.0,2021-08-27,2021-08-16,2022-08-15,False,True,1
246 / RM1557.12,PORGE LTD,PORGE,PORGE,03813082,14250.0,2021-06-14,2021-05-01,2022-04-30,False,True,1
245 / RM1557.12,GRANICUS-FIRMSTEP LIMITED,GRANICUS FIRMSTEP,GRANICUS FIRMSTEP,04283951,76704.0,2021-06-14,2021-05-01,2023-04-30,False,True,1
CR244,BookingLab Limited,BOOKINGLAB,BOOKINGLAB,11764238,90500.0,2021-06-04,2021-06-01,2023-05-31,False,True,1
