spend_supplier_norm,notice_supplier_norm,notice_supplier_names,notice_ids,score,contained,counted_as_matched
GLEN CLEANING COMPANY,GLEN CLEANING,Glen Cleaning,IT-402-1488-P00001488 - AWARD,0.7647,True,False
SWAN ADVOCACY,SWAN ADVOCACY NETWORK,Swan Advocacy Network,IT-402-974-P00000974 - AWARD,0.7647,True,False
SOLUTIONS4HEALTH,SOLUTIONS 4 HEALTH,SOLUTIONS 4 HEALTH LTD,P00000897,0.9412,False,False
THE ADVOCACY PEOPLE FORMERLY SEAP,THE ADVOCACY PEOPLE,The Advocacy People,IT-402-974-P00000974 - AWARD,0.7308,True,False
S RICHARDS T AS K RICKETTS AND S RICHARDS TAXIS,K RICKETTS AND S RICHARDS TAXIS,K Ricketts & S Richards Taxis,IT-402-1542-P00001542 - AWARD;P00001232,0.7949,True,False
S RICHARDS T AS K RICKETTS AND S RICHARDS TAXIS,K RICKETTS AND S RICHARDS,K Ricketts & S Richards,P00000342 Oct-Dec 2022,0.6944,True,False
N MEHMOOD TAA STAR EXECUTIVE CARS,A STAR EXECUTIVE CARS,A Star Executive Cars; A Star Executive Cars Ltd,IT-402-1517-P00001517 - AWARD;West Berkshire Council Transport - Dynamic Purchasing System (DPS) ongoing awards Jan-Mar 2026;West Berkshire Council Transport Dynamic Purchasing System (DPS) Ongoing awards July-Sept 2025,0.7778,True,False
NADEEM MIRZA TRADING AS PARKER TRAVELS,PARKER TRAVEL,Parker Travel,P00001265;P00001312,0.5098,True,False
POTTINGERS HIRE SERVICE,POTTINGERS HIRE SERVICES,Pottingers Hire Services,West Berkshire Council Transport Dynamic Purchasing System (DPS) Ongoing awards July-Sept 2025,0.9787,True,False
