supplier_norm,published_names,notice_id,awarded_value,start,end,contract_years,award_per_year,window_gbp,annualised_gbp,ratio,flag,main_tag,row_ids
NEC SOFTWARE SOLUTIONS UK,NEC SOFTWARE SOLUTIONS UK LIMITED,RM6259/CL766,615540.0,2023-08-01,2026-07-31,2.9979,205320.53,314383.57,1257534.28,6.1247,True,general_procurement,Over500_2026_P04_-_published:427;Over500_2026_P04_-_published:487;Over500_2026_P04_-_published:488;Over500_2026_P04_-_published:489;Over500_2026_P04_-_published:492;Over500_2026_P04_-_published:493;Over500_2026_P04_-_published:904;Over500_2026_P04_-_published:905;Over500_2026_P04_-_published:494;Over500_2026_P04_-_published:906
BOOKINGLAB,BookingLab Limited,IT-402-1498-P00001498 - AWARD,173000.0,2025-04-01,2032-03-31,6.9979,24721.54,24000.0,96000.0,3.8833,True,general_procurement,Over500_2026_P03_-_published:396
EXACOM SYSTEMS,Exacom Systems Ltd,G-Cloud 14 RM1557.14,50358.0,2025-04-01,2029-03-31,3.9973,12598.12,12105.85,48423.4,3.8437,True,general_procurement,Over500_2026_P03_-_published:384
WCL UK TRADING AS EVERYTHING ICT,WCL UK Ltd (Trading as Everything ICT),P00001021,407558.59,2024-04-01,2027-03-31,2.9952,136070.18,102882.78,411531.12,3.0244,True,general_procurement,Over500_2026_P04_-_published:1276
SMS ENVIRONMENTAL,SMS-Environmental Ltd,IT-402-1599-P00001599 - AWARD,26021.66,2025-08-01,2027-07-31,1.9959,13037.6,7758.91,31035.64,2.3805,True,premises,Over500_2026_P02_-_published:19;Over500_2026_P02_-_published:55;Over500_2026_P02_-_published:17;Over500_2026_P03_-_published:29;Over500_2026_P03_-_published:276;Over500_2026_P04_-_published:80;Over500_2026_P04_-_published:365
SOFTCAT,Softcat Ltd,IT-402-1666-P00001666 - AWARD,57907.0,2025-10-03,2028-10-02,2.9979,19315.55,11005.0,44020.0,2.279,True,general_procurement,Over500_2026_P02_-_published:460;Over500_2026_P03_-_published:375
IDOX SOFTWARE,IDOX SOFTWARE LTD,P00000844,714533.0,2023-04-01,2030-03-31,6.9979,102106.09,51226.41,204905.64,2.0068,True,general_procurement,Over500_2026_P02_-_published:462;Over500_2026_P03_-_published:371
TWO SAINTS,TWO SAINTS LTD,IT-402-1432-P00001432 - AWARD,2500000.0,2025-04-01,2030-04-01,4.9993,500068.46,213288.45,853153.8,1.7061,True,general_procurement,Over500_2026_P02_-_published:2160;Over500_2026_P02_-_published:2161;Over500_2026_P02_-_published:2162;Over500_2026_P03_-_published:2130;Over500_2026_P03_-_published:3080;Over500_2026_P04_-_published:3781;Over500_2026_P04_-_published:3181
SOUTHERN COMMUNICATIONS CORPORATE SOLUTIONS,Southern Communications Corporate Solutions Ltd,P00001009,303131.96,2023-08-15,2030-08-14,6.9979,43317.27,11492.23,45968.92,1.0612,False,general_procurement,Over500_2026_P03_-_published:668;Over500_2026_P03_-_published:669;Over500_2026_P04_-_published:1280
SCHOOL OF SEXUALITY EDUCATION,School of Sexuality Education,P00001196,17500.0,2023-09-15,2027-03-31,3.54,4943.45,1250.0,5000.0,1.0114,False,grant,Over500_2026_P02_-_published:857
RICOH UK,Ricoh UK Ltd,IT-402-1584-P00001584 - AWARD,263013.0,2025-10-01,2032-09-30,6.9979,37584.31,9473.16,37892.64,1.0082,False,general_procurement,Over500_2026_P04_-_published:3793
UBITRICITY DISTRIBUTED ENERGY SYSTEMS UK,Ubitricity Distributed Energy Systems UK Ltd,P00000883,425375.0,2023-04-03,2027-04-02,3.9973,106416.59,18675.0,74700.0,0.702,False,general_procurement,Over500_2026_P02_-_published:708
ELITE SECURITY GROUP,ELITE SECURITY GROUP,IT-402-1200-P00001200 - AWARD,175000.0,2024-03-01,2027-02-28,2.9952,58426.65,10178.25,40713.0,0.6968,False,premises,Over500_2026_P02_-_published:20;Over500_2026_P03_-_published:30;Over500_2026_P03_-_published:62;Over500_2026_P03_-_published:283;Over500_2026_P03_-_published:284;Over500_2026_P04_-_published:84;Over500_2026_P04_-_published:24;Over500_2026_P04_-_published:66;Over500_2026_P04_-_published:68
INSIGHT DIRECT UK,INSIGHT DIRECT (UK) LTD,P00001042,1915881.33,2023-08-10,2029-08-09,5.9986,319386.42,46075.33,184301.32,0.577,False,general_procurement,Over500_2026_P02_-_published:470;Over500_2026_P02_-_published:477;Over500_2026_P03_-_published:532;Over500_2026_P04_-_published:907;Over500_2026_P04_-_published:499;Over500_2026_P04_-_published:908
SWARCO SMART CHARGING,SWARCO SMART CHARGING LTD,P00001146,1381042.0,2023-11-20,2027-11-19,3.9973,345496.98,42032.88,168131.52,0.4866,False,general_procurement,Over500_2026_P04_-_published:741;Over500_2026_P04_-_published:797;Over500_2026_P04_-_published:826
CARE OUTLOOK,Care Outlook Ltd,IT-402-978-P00000978 - AWARD,7100000.0,2023-10-01,2028-09-30,4.9993,1420194.41,141432.71,565730.84,0.3983,False,placement,Over500_2026_P02_-_published:1389;Over500_2026_P02_-_published:1390;Over500_2026_P02_-_published:1392;Over500_2026_P02_-_published:1393;Over500_2026_P02_-_published:1394;Over500_2026_P02_-_published:1395;Over500_2026_P02_-_published:1396;Over500_2026_P02_-_published:1397;Over500_2026_P02_-_published:1398;Over500_2026_P02_-_published:1439;Over500_2026_P02_-_published:1449;Over500_2026_P02_-_published:1622;Over500_2026_P02_-_published:1623;Over500_2026_P02_-_published:1624;Over500_2026_P02_-_published:928;Over500_2026_P02_-_published:929;Over500_2026_P02_-_published:930;Over500_2026_P02_-_published:1402;Over500_2026_P02_-_published:1403;Over500_2026_P02_-_published:1450;Over500_2026_P02_-_published:1625;Over500_2026_P02_-_published:932;Over500_2026_P02_-_published:1404;Over500_2026_P02_-_published:1405;Over500_2026_P02_-_published:1406;Over500_2026_P02_-_published:1407;Over500_2026_P02_-_published:1860;Over500_2026_P03_-_published:1266;Over500_2026_P03_-_published:1282;Over500_2026_P03_-_published:848;Over500_2026_P03_-_published:1763;Over500_2026_P03_-_published:1269;Over500_2026_P03_-_published:1291;Over500_2026_P03_-_published:1584;Over500_2026_P03_-_published:2886;Over500_2026_P03_-_published:1293;Over500_2026_P03_-_published:1294;Over500_2026_P03_-_published:1295;Over500_2026_P03_-_published:1297;Over500_2026_P03_-_published:1298;Over500_2026_P03_-_published:1299;Over500_2026_P03_-_published:1300;Over500_2026_P03_-_published:1301;Over500_2026_P03_-_published:1314;Over500_2026_P03_-_published:1321;Over500_2026_P03_-_published:1370;Over500_2026_P03_-_published:1458;Over500_2026_P03_-_published:2698;Over500_2026_P03_-_published:2811;Over500_2026_P03_-_published:2812;Over500_2026_P03_-_published:2813;Over500_2026_P03_-_published:2814;Over500_2026_P03_-_published:2815;Over500_2026_P03_-_published:2816;Over500_2026_P03_-_published:2817;Over500_2026_P03_-_published:2887;Over500_2026_P03_-_published:2888;Over500_2026_P03_-_published:2979;Over500_2026_P03_-_published:888;Over500_2026_P03_-_published:933;Over500_2026_P03_-_published:934;Over500_2026_P04_-_published:1700;Over500_2026_P04_-_published:1701;Over500_2026_P04_-_published:1702;Over500_2026_P04_-_published:1703;Over500_2026_P04_-_published:1720;Over500_2026_P04_-_published:1721;Over500_2026_P04_-_published:1722;Over500_2026_P04_-_published:1723;Over500_2026_P04_-_published:1724;Over500_2026_P04_-_published:1734;Over500_2026_P04_-_published:1735;Over500_2026_P04_-_published:1736;Over500_2026_P04_-_published:1737;Over500_2026_P04_-_published:1738;Over500_2026_P04_-_published:1750;Over500_2026_P04_-_published:1878;Over500_2026_P04_-_published:2072;Over500_2026_P04_-_published:2124;Over500_2026_P04_-_published:2125;Over500_2026_P04_-_published:2126;Over500_2026_P04_-_published:2296;Over500_2026_P04_-_published:2519;Over500_2026_P04_-_published:2520;Over500_2026_P04_-_published:2659;Over500_2026_P04_-_published:973;Over500_2026_P04_-_published:992;Over500_2026_P04_-_published:998;Over500_2026_P04_-_published:1704;Over500_2026_P04_-_published:1739;Over500_2026_P04_-_published:1757;Over500_2026_P04_-_published:1760;Over500_2026_P04_-_published:1761;Over500_2026_P04_-_published:2703;Over500_2026_P04_-_published:2037;Over500_2026_P04_-_published:1785;Over500_2026_P04_-_published:2073
ASCIA CONSTRUCTION,ASCIA CONSTRUCTION LIMITED,IT-402-1549-P00001549 - AWARD,3703481.34,2025-09-22,2026-10-26,1.0924,3390216.94,332579.29,1330317.16,0.3924,False,placement,Over500_2026_P02_-_published:669
CAUSEWAY TECHNOLOGIES,Causeway Technologies Limited,RM6099,97971.0,2025-04-01,2028-03-31,2.9979,32679.37,1600.0,6400.0,0.1958,False,general_procurement,Over500_2026_P04_-_published:491
FELTHAM CONSTRUCTION,FELTHAM CONSTRUCTION LTD,IT-402-1527-P00001527 - AWARD,2612663.0,2026-03-09,2027-02-17,0.9446,2766014.96,77997.11,311988.44,0.1128,False,placement,Over500_2026_P02_-_published:668;Over500_2026_P03_-_published:680;Over500_2026_P04_-_published:1286
ALLIANCE LEISURE SERVICES,Alliance Leisure Services Limited,2019,309011.24,2026-06-26,2026-09-29,0.2601,1188066.9,9350.0,37400.0,0.0315,False,general_procurement,Over500_2026_P02_-_published:736;Over500_2026_P03_-_published:731;Over500_2026_P03_-_published:687
