boundary,row_id,Supplier name,supplier_norm,date,Net amount,tag,Service,Narrative
25000,Over500_2026_P04_-_published:2239,Affinity Trust Support Ltd,AFFINITY TRUST SUPPORT,2026-07-01,24926.0,placement,Adult Social Care,Private Contractors
25000,Over500_2026_P03_-_published:2056,CHARMAINE CAULFIELD,CHARMAINE CAULFIELD,2026-06-17,24850.39,grant,Education (DSG Funded) & Other Education Grants,Grants
25000,Over500_2026_P03_-_published:2307,Sukhbir Singh and Harvinder Singh T/A Calcot Services for Children (CSFC),SUKHBIR SINGH AND HARVINDER SINGH TA CALCOT SERVICES FOR CHILDREN CSFC,2026-06-03,24788.75,placement,Education (DSG Funded) & Other Education Grants,Other agencies
25000,Over500_2026_P03_-_published:1660,FOCUS SUPPORT LTD,FOCUS SUPPORT,2026-06-24,24719.02,placement,Adult Social Care,Private Contractors
25000,Over500_2026_P03_-_published:2074,BEANSHEAF COMMUNITY PRE-SCHOO,BEANSHEAF COMMUNITY PRE SCHOO,2026-06-17,24705.36,grant,Education (DSG Funded) & Other Education Grants,Grants
25000,Over500_2026_P02_-_published:2241,Sukhbir Singh and Harvinder Singh T/A Calcot Services for Children (CSFC),SUKHBIR SINGH AND HARVINDER SINGH TA CALCOT SERVICES FOR CHILDREN CSFC,2026-05-12,24618.75,placement,Education (DSG Funded) & Other Education Grants,Other agencies
25000,Over500_2026_P03_-_published:2106,Unity Residential Care Services,UNITY RESIDENTIAL CARE SERVICES,2026-06-30,24587.49,placement,Children's Social Care,Private Contractors
25000,Over500_2026_P02_-_published:2265,ACORN CARE & EDUCATION LTD,ACORN CARE AND EDUCATION,2026-05-22,24578.67,placement,Education (DSG Funded) & Other Education Grants,Other agencies
25000,Over500_2026_P04_-_published:1281,The Better Group Ltd,THE BETTER GROUP,2026-07-29,24476.02,placement,Adult Social Care,Payment to contractor
25000,Over500_2026_P02_-_published:2268,Huckleberry House,HUCKLEBERRY HOUSE,2026-05-26,24453.39,placement,Education (DSG Funded) & Other Education Grants,Other agencies
25000,Over500_2026_P04_-_published:3059,Utopia Supported Housing Ltd,UTOPIA SUPPORTED HOUSING,2026-07-09,24383.88,placement,Children's Social Care,Private Contractors
25000,Over500_2026_P03_-_published:649,Triple Value Impact,TRIPLE VALUE IMPACT,2026-06-18,24244.0,general_procurement,Chief Executive,General Expenses
25000,Over500_2026_P02_-_published:560,DevComms South East Ltd,DEVCOMMS SOUTH EAST,2026-05-12,24227.07,general_procurement,Development & Housing,Professional Fees
25000,Over500_2026_P02_-_published:2271,ACORN CARE & EDUCATION LTD,ACORN CARE AND EDUCATION,2026-05-26,24110.58,placement,Education (DSG Funded) & Other Education Grants,Other agencies
25000,Over500_2026_P03_-_published:13,The Better Group Ltd,THE BETTER GROUP,2026-06-01,24088.98,general_procurement,Children's Social Care,Training
25000,Over500_2026_P03_-_published:396,BookingLab Limited,BOOKINGLAB,2026-06-10,24000.0,general_procurement,"Transformation, Customer & ICT",IT
25000,Over500_2026_P02_-_published:2021,Care Services To You,CARE SERVICES TO YOU,2026-05-01,23989.77,placement,Children's Social Care,Private Contractors
25000,Over500_2026_P02_-_published:2033,Care Services To You,CARE SERVICES TO YOU,2026-05-12,23989.77,placement,Children's Social Care,Private Contractors
25000,Over500_2026_P02_-_published:2037,Care Services To You,CARE SERVICES TO YOU,2026-05-13,23989.77,placement,Children's Social Care,Private Contractors
25000,Over500_2026_P02_-_published:2096,Care Services To You,CARE SERVICES TO YOU,2026-05-26,23989.77,placement,Children's Social Care,Private Contractors
25000,Over500_2026_P03_-_published:1931,Care Services To You,CARE SERVICES TO YOU,2026-06-16,23989.77,placement,Children's Social Care,Private Contractors
25000,Over500_2026_P03_-_published:2004,Care Services To You,CARE SERVICES TO YOU,2026-06-03,23989.77,placement,Children's Social Care,Private Contractors
25000,Over500_2026_P03_-_published:2008,Care Services To You,CARE SERVICES TO YOU,2026-06-16,23989.77,placement,Children's Social Care,Private Contractors
25000,Over500_2026_P03_-_published:3044,Care Services To You,CARE SERVICES TO YOU,2026-06-22,23989.77,placement,Children's Social Care,Private Contractors
25000,Over500_2026_P04_-_published:3092,Care Services To You,CARE SERVICES TO YOU,2026-07-23,23989.77,placement,Children's Social Care,Private Contractors
25000,Over500_2026_P04_-_published:3154,Care Services To You,CARE SERVICES TO YOU,2026-07-06,23989.77,placement,Children's Social Care,Private Contractors
25000,Over500_2026_P04_-_published:3161,Care Services To You,CARE SERVICES TO YOU,2026-07-23,23989.77,placement,Children's Social Care,Private Contractors
25000,Over500_2026_P04_-_published:3165,Care Services To You,CARE SERVICES TO YOU,2026-07-31,23989.77,placement,Children's Social Care,Private Contractors
25000,Over500_2026_P04_-_published:3743,Care Services To You,CARE SERVICES TO YOU,2026-07-01,23989.77,placement,Children's Social Care,Private Contractors
25000,Over500_2026_P04_-_published:3750,Care Services To You,CARE SERVICES TO YOU,2026-07-17,23989.77,placement,Children's Social Care,Private Contractors
25000,Over500_2026_P02_-_published:530,Elior UK PLC,ELIOR UK,2026-05-27,23694.03,general_procurement,Adult Social Care,Catering
25000,Over500_2026_P03_-_published:105,READING WEST APARTHOTEL,READING WEST APARTHOTEL,2026-06-09,23660.0,premises,Development & Housing,Rents
25000,Over500_2026_P03_-_published:683,VolkerHighways Ltd,VOLKERHIGHWAYS,2026-06-08,23591.22,general_procurement,Environment,Payment to contractor
25000,Over500_2026_P03_-_published:440,Elior UK PLC,ELIOR UK,2026-06-16,23516.69,general_procurement,Adult Social Care,Catering
25000,Over500_2026_P02_-_published:2245,Phoenix Child Care Limited -The Grange School,PHOENIX CHILD CARE THE GRANGE SCHOOL,2026-05-19,23210.0,placement,Education (DSG Funded) & Other Education Grants,Other agencies
25000,Over500_2026_P02_-_published:2258,Phoenix Child Care Limited -The Grange School,PHOENIX CHILD CARE THE GRANGE SCHOOL,2026-05-20,23210.0,placement,Education (DSG Funded) & Other Education Grants,Other agencies
25000,Over500_2026_P02_-_published:2262,Phoenix Child Care Limited -The Grange School,PHOENIX CHILD CARE THE GRANGE SCHOOL,2026-05-21,23210.0,placement,Education (DSG Funded) & Other Education Grants,Other agencies
25000,Over500_2026_P04_-_published:533,Elior UK PLC,ELIOR UK,2026-07-28,23173.08,general_procurement,Adult Social Care,Catering
25000,Over500_2026_P02_-_published:2259,Phoenix Child Care Limited -The Grange School,PHOENIX CHILD CARE THE GRANGE SCHOOL,2026-05-20,23076.67,placement,Education (DSG Funded) & Other Education Grants,Other agencies
25000,Over500_2026_P03_-_published:601,PIED PIPER PRE-SCHOOL,PIED PIPER PRE SCHOOL,2026-06-17,23073.34,grant,Education (DSG Funded) & Other Education Grants,Grants
25000,Over500_2026_P03_-_published:1833,FOCUS SUPPORT LTD,FOCUS SUPPORT,2026-06-24,23053.87,placement,Adult Social Care,Private Contractors
25000,Over500_2026_P04_-_published:1271,WEST BERKSHIRE TRAINING CONSORTIUM,WEST BERKSHIRE TRAINING CONSORTIUM,2026-07-06,22963.98,grant,Education & SEND,Grants
25000,Over500_2026_P03_-_published:506,MINI OAKS PRESCHOOL,MINI OAKS PRESCHOOL,2026-06-17,22882.17,grant,Education (DSG Funded) & Other Education Grants,Grants
25000,Over500_2026_P04_-_published:2262,Bleep 360 Care Limited,BLEEP 360 CARE,2026-07-01,22849.04,placement,Adult Social Care,Private Contractors
25000,Over500_2026_P03_-_published:2206,ACORN CARE & EDUCATION LTD,ACORN CARE AND EDUCATION,2026-06-17,22616.72,placement,Education (DSG Funded) & Other Education Grants,Other agencies
1000,Over500_2026_P02_-_published:34,BERKSHIRE MECHANICAL SERVICES,BERKSHIRE MECHANICAL SERVICES,2026-05-08,1000.0,premises,Development & Housing,Corporate R&M
1000,Over500_2026_P02_-_published:449,PREPAID FINANCIAL SERVICES,PREPAID FINANCIAL SERVICES,2026-05-27,1000.0,general_procurement,Development & Housing,Purchase - Equipment
1000,Over500_2026_P02_-_published:538,Becky Turner,BECKY TURNER,2026-05-13,1000.0,general_procurement,Adult Social Care,Professional Fees
1000,Over500_2026_P02_-_published:582,REGIS MANOR PRIMARY SCHOOL C/O SWALE ACADEMIES TRUST,REGIS MANOR PRIMARY SCHOOL CO SWALE ACADEMIES TRUST,2026-05-11,1000.0,grant,Education (DSG Funded) & Other Education Grants,Grants
1000,Over500_2026_P02_-_published:623,CHIEVELEY PRE-SCHOOL PLAYGROU,CHIEVELEY PRE SCHOOL PLAYGROU,2026-05-08,1000.0,grant,Education (DSG Funded) & Other Education Grants,Grants
1000,Over500_2026_P02_-_published:662,H F Limited,HF,2026-05-06,1000.0,general_procurement,"Finance, Property & Procurement",Insurance Premiums
1000,Over500_2026_P03_-_published:280,BERKSHIRE MECHANICAL SERVICES,BERKSHIRE MECHANICAL SERVICES,2026-06-25,1000.0,premises,Development & Housing,Corporate R&M
1000,Over500_2026_P03_-_published:487,ROBIN HOOD MAT - YENTON PRIMARY,ROBIN HOOD MAT YENTON PRIMARY,2026-06-08,1000.0,grant,Education (DSG Funded) & Other Education Grants,Grants
1000,Over500_2026_P03_-_published:50,BERKSHIRE MECHANICAL SERVICES,BERKSHIRE MECHANICAL SERVICES,2026-06-03,1000.0,premises,Development & Housing,Corporate R&M
1000,Over500_2026_P03_-_published:651,MOTOFIX ACCIDENT REPAIR CENTRE LTD,MOTOFIX ACCIDENT REPAIR CENTRE,2026-06-15,1000.0,general_procurement,"Finance, Property & Procurement",Insurance Premiums
1000,Over500_2026_P04_-_published:1006,Becky Turner,BECKY TURNER,2026-07-14,1000.0,general_procurement,Adult Social Care,Professional Fees
1000,Over500_2026_P04_-_published:1131,GCH (Alder) Ltd t/a Hungerford Care Home,GCH ALDER TA HUNGERFORD CARE HOME,2026-07-29,1000.0,placement,Adult Social Care,Private Contractors
1000,Over500_2026_P04_-_published:1179,Buckinghamshire Council,BUCKINGHAMSHIRE COUNCIL,2026-07-07,1000.0,grant,Education (DSG Funded) & Other Education Grants,Grants
1000,Over500_2026_P04_-_published:1261,BEANSHEAF COMMUNITY PRE-SCHOO,BEANSHEAF COMMUNITY PRE SCHOO,2026-07-02,1000.0,grant,Education (DSG Funded) & Other Education Grants,Grants
1000,Over500_2026_P04_-_published:1263,KENNET VALLEY CATERPILLARS,KENNET VALLEY CATERPILLARS,2026-07-02,1000.0,grant,Education (DSG Funded) & Other Education Grants,Grants
1000,Over500_2026_P04_-_published:1265,PASKAY LIMITED,PASKAY,2026-07-05,1000.0,grant,Education (DSG Funded) & Other Education Grants,Grants
1000,Over500_2026_P04_-_published:18,THE A PROJECT,THE A PROJECT,2026-07-28,1000.0,agency_staff,Children's Social Care,Agency & Temporary Staff
1000,Over500_2026_P04_-_published:3787,VolkerHighways Ltd,VOLKERHIGHWAYS,2026-07-15,1000.0,general_procurement,Environment,Private Contractors
1000,Over500_2026_P04_-_published:50,BERKSHIRE MECHANICAL SERVICES,BERKSHIRE MECHANICAL SERVICES,2026-07-09,1000.0,premises,Development & Housing,Corporate R&M
1000,Over500_2026_P04_-_published:535,BCJD Ltd,BCJD,2026-07-16,1000.0,general_procurement,Adult Social Care,Professional Fees
1000,Over500_2026_P04_-_published:576,Childrey Little Ducks Pre-School,CHILDREY LITTLE DUCKS PRE SCHOOL,2026-07-02,1000.0,grant,Education (DSG Funded) & Other Education Grants,Grants
1000,Over500_2026_P04_-_published:580,LADYBIRDS PRE-SCHOOL,LADYBIRDS PRE SCHOOL,2026-07-14,1000.0,grant,Education (DSG Funded) & Other Education Grants,Grants
1000,Over500_2026_P04_-_published:597,Roadside Technologies Ltd,ROADSIDE TECHNOLOGIES,2026-07-30,1000.0,general_procurement,Environment,Payment to contractor
1000,Over500_2026_P04_-_published:613,ALAN FULLER,ALAN FULLER,2026-07-16,1000.0,general_procurement,Community Services,Professional Fees
1000,Over500_2026_P04_-_published:666,Newbury Academy Trust Speenhamland School,NEWBURY ACADEMY TRUST SPEENHAMLAND SCHOOL,2026-07-10,1000.0,grant,Education (DSG Funded) & Other Education Grants,Grants
1000,Over500_2026_P04_-_published:703,JUBILEE DAY NURSERY,JUBILEE DAY NURSERY,2026-07-03,1000.0,grant,Education (DSG Funded) & Other Education Grants,Grants
1000,Over500_2026_P04_-_published:764,KENNET VALLEY CATERPILLARS,KENNET VALLEY CATERPILLARS,2026-07-02,1000.0,grant,Education (DSG Funded) & Other Education Grants,Grants
1000,Over500_2026_P04_-_published:765,ACORNS OPERATIONAL ACCOUNT,ACORNS OPERATIONAL ACCOUNT,2026-07-03,1000.0,grant,Education (DSG Funded) & Other Education Grants,Grants
1000,Over500_2026_P02_-_published:1618,I.V Care Limited t/a Good Oaks Home Care (Reading),IV CARE TA GOOD OAKS HOME CARE READING,2026-05-27,999.96,placement,Adult Social Care,Private Contractors
1000,Over500_2026_P03_-_published:1587,Johav Care support Healthcare Limited,JOHAV CARE SUPPORT HEALTHCARE,2026-06-24,999.6,placement,Adult Social Care,Private Contractors
1000,Over500_2026_P03_-_published:2866,We Are The Care Company Ltd,WE ARE THE CARE COMPANY,2026-06-10,999.6,placement,Adult Social Care,Private Contractors
1000,Over500_2026_P04_-_published:2803,We Are The Care Company Ltd,WE ARE THE CARE COMPANY,2026-07-08,999.6,placement,Adult Social Care,Private Contractors
1000,Over500_2026_P04_-_published:2813,We Are The Care Company Ltd,WE ARE THE CARE COMPANY,2026-07-29,999.6,placement,Adult Social Care,Private Contractors
1000,Over500_2026_P02_-_published:893,Abi-support Ltd,ABI SUPPORT,2026-05-13,999.57,placement,Adult Social Care,Private Contractors
1000,Over500_2026_P02_-_published:922,Comfort Harmony Care Ltd,COMFORT HARMONY CARE,2026-05-13,999.57,placement,Adult Social Care,Private Contractors
1000,Over500_2026_P04_-_published:300,WEAVAWAY TRAVEL LTD,WEAVAWAY TRAVEL,2026-07-08,999.32,general_procurement,Education & SEND,Transport Hire
1000,Over500_2026_P03_-_published:972,Address Enterprise Ltd,ADDRESS ENTERPRISE,2026-06-03,996.75,placement,Adult Social Care,Private Contractors
1000,Over500_2026_P02_-_published:895,All-Care (GB) Ltd,ALL CARE GB,2026-05-20,996.48,placement,Adult Social Care,Private Contractors
1000,Over500_2026_P03_-_published:209,Sikandar Hayat t/a Prompt Cars,SIKANDAR HAYAT TA PROMPT CARS,2026-06-04,996.43,general_procurement,Education & SEND,Transport Hire
1000,Over500_2026_P04_-_published:2654,Goldcrest Care Services,GOLDCREST CARE SERVICES,2026-07-17,996.18,placement,Adult Social Care,Private Contractors
1000,Over500_2026_P02_-_published:341,Go Green Taxis Ltd,GO GREEN TAXIS,2026-05-01,995.95,general_procurement,Education & SEND,Transport Hire
1000,Over500_2026_P03_-_published:17,PHF Training,PHF TRAINING,2026-06-30,995.0,general_procurement,Community Services,Training
1000,Over500_2026_P03_-_published:831,PRESTIGE NETWORK,PRESTIGE NETWORK,2026-06-15,993.48,general_procurement,Children's Social Care,Professional Fees
1000,Over500_2026_P03_-_published:61,MECE FIRE & SECURITY LTD,MECE FIRE AND SECURITY,2026-06-30,991.01,premises,Environment,Corporate R&M
1000,Over500_2026_P04_-_published:158,POTTINGER'S HIRE SERVICE,POTTINGERS HIRE SERVICE,2026-07-08,990.83,general_procurement,Education & SEND,Transport Hire
1000,Over500_2026_P03_-_published:463,P S Aylmer Veterinary Consultancy,PS AYLMER VETERINARY CONSULTANCY,2026-06-16,990.5,general_procurement,Community Services,Professional Fees
1000,Over500_2026_P04_-_published:242,Rygor Commercials Ltd,RYGOR COMMERCIALS,2026-07-15,990.06,general_procurement,Environment,Direct Transport Costs
1000,Over500_2026_P03_-_published:1567,We Are The Care Company Ltd,WE ARE THE CARE COMPANY,2026-06-10,990.0,placement,Adult Social Care,Private Contractors
1000,Over500_2026_P04_-_published:1007,FAMILY FUTURES CONSORTIUM CIC,FAMILY FUTURES CONSORTIUM CIC,2026-07-15,990.0,general_procurement,Children's Social Care,Professional Fees
1000,Over500_2026_P04_-_published:179,A1 CARS,A1 CARS,2026-07-08,990.0,general_procurement,Education & SEND,Transport Hire
1000,Over500_2026_P04_-_published:390,KB Real Estate Management Ltd,KB REAL ESTATE MANAGEMENT,2026-07-22,990.0,premises,Development & Housing,Rents
1000,Over500_2026_P02_-_published:1784,Cedar Hope Care Services Ltd,CEDAR HOPE CARE SERVICES,2026-05-22,989.8,placement,Adult Social Care,Private Contractors
1000,Over500_2026_P04_-_published:1923,BUPA Care Services,BUPA CARE SERVICES,2026-07-08,989.29,placement,Adult Social Care,Private Contractors
1000,Over500_2026_P02_-_published:1332,PureSoul Care Ltd,PURESOUL CARE,2026-05-22,989.19,placement,Adult Social Care,Private Contractors
1000,Over500_2026_P04_-_published:827,Arbtech Consulting Ltd,ARBTECH CONSULTING,2026-07-17,989.0,general_procurement,Environment,Payment to contractor
1000,Over500_2026_P02_-_published:532,P. APPLEYARD (TOFFS CATERING),P APPLEYARD TOFFS CATERING,2026-05-06,987.0,general_procurement,Community Services,Catering
1000,Over500_2026_P02_-_published:792,THE NEWBURY COMMUNITY RESOURCE CENTRE LTD,THE NEWBURY COMMUNITY RESOURCE CENTRE,2026-05-20,985.86,grant,Adult Social Care,Voluntary Associations
1000,Over500_2026_P02_-_published:795,THE NEWBURY COMMUNITY RESOURCE CENTRE LTD,THE NEWBURY COMMUNITY RESOURCE CENTRE,2026-05-20,985.86,grant,Adult Social Care,Voluntary Associations
1000,Over500_2026_P03_-_published:1748,Interakt Community Limited,INTERAKT COMMUNITY,2026-06-24,985.76,placement,Adult Social Care,Private Contractors
1000,Over500_2026_P04_-_published:1672,We Are The Care Company Ltd,WE ARE THE CARE COMPANY,2026-07-29,984.81,placement,Adult Social Care,Private Contractors
1000,Over500_2026_P04_-_published:2655,We Are The Care Company Ltd,WE ARE THE CARE COMPANY,2026-07-29,984.81,placement,Adult Social Care,Private Contractors
1000,Over500_2026_P04_-_published:1392,Eternal Homecare Reading,ETERNAL HOMECARE READING,2026-07-15,984.8,placement,Adult Social Care,Private Contractors
1000,Over500_2026_P04_-_published:2015,Address Enterprise Ltd,ADDRESS ENTERPRISE,2026-07-01,981.96,placement,Adult Social Care,Private Contractors
1000,Over500_2026_P04_-_published:2105,Address Enterprise Ltd,ADDRESS ENTERPRISE,2026-07-29,981.96,placement,Adult Social Care,Private Contractors
1000,Over500_2026_P02_-_published:48,360 Security & Support Services Ltd,360 SECURITY AND SUPPORT SERVICES,2026-05-28,980.89,premises,Development & Housing,Corporate R&M
1000,Over500_2026_P03_-_published:43,360 Security & Support Services Ltd,360 SECURITY AND SUPPORT SERVICES,2026-06-25,980.89,premises,Development & Housing,Corporate R&M
1000,Over500_2026_P03_-_published:53,360 Security & Support Services Ltd,360 SECURITY AND SUPPORT SERVICES,2026-06-17,980.89,premises,Development & Housing,Corporate R&M
1000,Over500_2026_P04_-_published:52,360 Security & Support Services Ltd,360 SECURITY AND SUPPORT SERVICES,2026-07-03,980.89,premises,Development & Housing,Corporate R&M
1000,Over500_2026_P02_-_published:1986,Shaw Healthcare (Group) Limited - Homefield House Nursing Home,SHAW HEALTHCARE GROUP HOMEFIELD HOUSE NURSING HOME,2026-05-13,980.49,placement,Adult Social Care,Private Contractors
1000,Over500_2026_P02_-_published:313,N Mehmood T/A A Star Executive Cars Ltd,N MEHMOOD TAA STAR EXECUTIVE CARS,2026-05-12,980.0,general_procurement,Education & SEND,Transport Hire
1000,Over500_2026_P04_-_published:422,HSI FURNITURE,HSI FURNITURE,2026-07-30,980.0,general_procurement,"Finance, Property & Procurement",Repairs - Equipment
1000,Over500_2026_P03_-_published:2859,Address Enterprise Ltd,ADDRESS ENTERPRISE,2026-06-03,979.59,placement,Adult Social Care,Private Contractors
1000,Over500_2026_P03_-_published:1803,Interakt Community Limited,INTERAKT COMMUNITY,2026-06-24,979.55,placement,Adult Social Care,Private Contractors
1000,Over500_2026_P03_-_published:517,ADCS,ADCS,2026-06-15,976.0,general_procurement,Executive Director People - Children's Services,Conference provision
1000,Over500_2026_P04_-_published:2093,All-Care (GB) Ltd,ALL CARE GB,2026-07-15,975.8,placement,Adult Social Care,Private Contractors
1000,Over500_2026_P04_-_published:282,MAISHA STAFFING SOLUTIONS LTD,MAISHA STAFFING SOLUTIONS,2026-07-29,975.0,general_procurement,Children's Social Care,Transport Hire
1000,Over500_2026_P04_-_published:380,CONNECT VENDING LTD,CONNECT VENDING,2026-07-27,975.0,premises,"Finance, Property & Procurement",Corporate R&M
1000,Over500_2026_P04_-_published:432,MAISHA STAFFING SOLUTIONS LTD,MAISHA STAFFING SOLUTIONS,2026-07-29,975.0,general_procurement,Children's Social Care,Transport Hire
1000,Over500_2026_P04_-_published:48,BERKSHIRE MECHANICAL SERVICES,BERKSHIRE MECHANICAL SERVICES,2026-07-06,975.0,premises,Development & Housing,Corporate R&M
1000,Over500_2026_P04_-_published:1788,Goldcrest Care Services,GOLDCREST CARE SERVICES,2026-07-15,973.43,placement,Adult Social Care,Private Contractors
1000,Over500_2026_P04_-_published:3145,Next Step Services,NEXT STEP SERVICES,2026-07-01,973.35,placement,Children's Social Care,Private Contractors
1000,Over500_2026_P04_-_published:3803,Young Giants Ltd.,YOUNG GIANTS,2026-07-16,973.0,placement,Education (DSG Funded) & Other Education Grants,Other agencies
1000,Over500_2026_P04_-_published:1313,Comfort Harmony Care Ltd,COMFORT HARMONY CARE,2026-07-08,972.72,placement,Adult Social Care,Private Contractors
1000,Over500_2026_P03_-_published:1035,Eternal Homecare Reading,ETERNAL HOMECARE READING,2026-06-03,972.13,placement,Adult Social Care,Private Contractors
1000,Over500_2026_P04_-_published:615,360 Security & Support Services Ltd,360 SECURITY AND SUPPORT SERVICES,2026-07-28,970.46,general_procurement,Development & Housing,Professional Fees
1000,Over500_2026_P02_-_published:222,Sikandar Hayat t/a Prompt Cars,SIKANDAR HAYAT TA PROMPT CARS,2026-05-20,970.0,general_procurement,Children's Social Care,Transport Hire
1000,Over500_2026_P03_-_published:1923,STEP BY STEP PARTNERSHIP LTD,STEP BY STEP PARTNERSHIP,2026-06-09,969.68,placement,Children's Social Care,Private Contractors
1000,Over500_2026_P03_-_published:2108,STEP BY STEP PARTNERSHIP LTD,STEP BY STEP PARTNERSHIP,2026-06-08,969.68,placement,Children's Social Care,Private Contractors
1000,Over500_2026_P03_-_published:2109,STEP BY STEP PARTNERSHIP LTD,STEP BY STEP PARTNERSHIP,2026-06-09,969.68,placement,Children's Social Care,Private Contractors
1000,Over500_2026_P03_-_published:2121,STEP BY STEP PARTNERSHIP LTD,STEP BY STEP PARTNERSHIP,2026-06-09,969.68,placement,Children's Social Care,Private Contractors
1000,Over500_2026_P03_-_published:3067,STEP BY STEP PARTNERSHIP LTD,STEP BY STEP PARTNERSHIP,2026-06-08,969.68,placement,Children's Social Care,Private Contractors
1000,Over500_2026_P03_-_published:3071,STEP BY STEP PARTNERSHIP LTD,STEP BY STEP PARTNERSHIP,2026-06-08,969.68,placement,Children's Social Care,Private Contractors
1000,Over500_2026_P03_-_published:3072,STEP BY STEP PARTNERSHIP LTD,STEP BY STEP PARTNERSHIP,2026-06-09,969.68,placement,Children's Social Care,Private Contractors
1000,Over500_2026_P03_-_published:3073,STEP BY STEP PARTNERSHIP LTD,STEP BY STEP PARTNERSHIP,2026-06-09,969.68,placement,Children's Social Care,Private Contractors
1000,Over500_2026_P02_-_published:2072,Aston Nursing Services LTD,ASTON NURSING SERVICES,2026-05-19,969.67,placement,Children's Social Care,Private Contractors
1000,Over500_2026_P02_-_published:2073,Aston Nursing Services LTD,ASTON NURSING SERVICES,2026-05-19,969.67,placement,Children's Social Care,Private Contractors
1000,Over500_2026_P04_-_published:608,PRESTIGE NETWORK,PRESTIGE NETWORK,2026-07-28,969.0,general_procurement,Children's Social Care,Professional Fees
1000,Over500_2026_P03_-_published:1002,Comfort Harmony Care Ltd,COMFORT HARMONY CARE,2026-06-10,968.0,placement,Adult Social Care,Private Contractors
1000,Over500_2026_P03_-_published:166,Premier Cars,PREMIER CARS,2026-06-03,968.0,general_procurement,Education & SEND,Transport Hire
1000,Over500_2026_P04_-_published:1742,We Are The Care Company Ltd,WE ARE THE CARE COMPANY,2026-07-29,967.73,placement,Adult Social Care,Private Contractors
1000,Over500_2026_P03_-_published:1790,Interakt Community Limited,INTERAKT COMMUNITY,2026-06-03,967.13,placement,Adult Social Care,Private Contractors
1000,Over500_2026_P03_-_published:2967,Interakt Community Limited,INTERAKT COMMUNITY,2026-06-17,967.13,placement,Adult Social Care,Private Contractors
1000,Over500_2026_P04_-_published:3558,Interakt Community Limited,INTERAKT COMMUNITY,2026-07-15,967.13,placement,Adult Social Care,Private Contractors
1000,Over500_2026_P04_-_published:3149,Affinity Trust Support Ltd,AFFINITY TRUST SUPPORT,2026-07-29,967.12,placement,Adult Social Care,Private Contractors
1000,Over500_2026_P02_-_published:1830,Johav Care support Healthcare Limited,JOHAV CARE SUPPORT HEALTHCARE,2026-05-22,966.0,placement,Adult Social Care,Private Contractors
1000,Over500_2026_P04_-_published:1741,We Are The Care Company Ltd,WE ARE THE CARE COMPANY,2026-07-29,964.53,placement,Adult Social Care,Private Contractors
1000,Over500_2026_P04_-_published:353,Go Green Taxis Ltd,GO GREEN TAXIS,2026-07-23,962.6,general_procurement,Children's Social Care,Public Transport
1000,Over500_2026_P04_-_published:357,Go Green Taxis Ltd,GO GREEN TAXIS,2026-07-23,962.6,general_procurement,Children's Social Care,Public Transport
1000,Over500_2026_P04_-_published:484,Go Green Taxis Ltd,GO GREEN TAXIS,2026-07-23,962.6,general_procurement,Children's Social Care,Public Transport
1000,Over500_2026_P02_-_published:44,360 Security & Support Services Ltd,360 SECURITY AND SUPPORT SERVICES,2026-05-12,960.02,premises,Development & Housing,Corporate R&M
1000,Over500_2026_P03_-_published:51,360 Security & Support Services Ltd,360 SECURITY AND SUPPORT SERVICES,2026-06-03,960.02,premises,Development & Housing,Corporate R&M
1000,Over500_2026_P04_-_published:2034,Address Enterprise Ltd,ADDRESS ENTERPRISE,2026-07-15,958.58,placement,Adult Social Care,Private Contractors
1000,Over500_2026_P02_-_published:470,INSIGHT DIRECT (UK) LTD,INSIGHT DIRECT UK,2026-05-21,958.46,general_procurement,"Transformation, Customer & ICT",IT
1000,Over500_2026_P04_-_published:2378,All-Care (GB) Ltd,ALL CARE GB,2026-07-29,956.76,placement,Adult Social Care,Private Contractors
1000,Over500_2026_P03_-_published:1117,Noubles Healthcare Ltd,NOUBLES HEALTHCARE,2026-06-10,956.36,placement,Adult Social Care,Private Contractors
1000,Over500_2026_P03_-_published:1162,Topline Care Solutions Ltd,TOPLINE CARE SOLUTIONS,2026-06-24,956.36,placement,Adult Social Care,Private Contractors
1000,Over500_2026_P03_-_published:1223,Topline Care Solutions Ltd,TOPLINE CARE SOLUTIONS,2026-06-24,956.36,placement,Adult Social Care,Private Contractors
1000,Over500_2026_P03_-_published:1367,Eniro Care Ltd,ENIRO CARE,2026-06-10,956.36,placement,Adult Social Care,Private Contractors
1000,Over500_2026_P03_-_published:1558,Comfort Harmony Care Ltd,COMFORT HARMONY CARE,2026-06-24,956.36,placement,Adult Social Care,Private Contractors
1000,Over500_2026_P03_-_published:1769,Best Pinnacle Care Ltd,BEST PINNACLE CARE,2026-06-24,956.36,placement,Adult Social Care,Private Contractors
1000,Over500_2026_P03_-_published:2697,Goldcrest Care Services,GOLDCREST CARE SERVICES,2026-06-24,956.36,placement,Adult Social Care,Private Contractors
1000,Over500_2026_P03_-_published:2737,Noubles Healthcare Ltd,NOUBLES HEALTHCARE,2026-06-10,956.36,placement,Adult Social Care,Private Contractors
1000,Over500_2026_P03_-_published:2780,Abi-support Ltd,ABI SUPPORT,2026-06-17,956.36,placement,Adult Social Care,Private Contractors
1000,Over500_2026_P03_-_published:2828,We Are The Care Company Ltd,WE ARE THE CARE COMPANY,2026-06-24,956.36,placement,Adult Social Care,Private Contractors
1000,Over500_2026_P03_-_published:2980,Best Pinnacle Care Ltd,BEST PINNACLE CARE,2026-06-24,956.36,placement,Adult Social Care,Private Contractors
1000,Over500_2026_P04_-_published:1235,Topline Care Solutions Ltd,TOPLINE CARE SOLUTIONS,2026-07-08,956.36,placement,Adult Social Care,Private Contractors
1000,Over500_2026_P04_-_published:1347,Abi-support Ltd,ABI SUPPORT,2026-07-08,956.36,placement,Adult Social Care,Private Contractors
1000,Over500_2026_P04_-_published:1616,Noubles Healthcare Ltd,NOUBLES HEALTHCARE,2026-07-29,956.36,placement,Adult Social Care,Private Contractors
1000,Over500_2026_P04_-_published:1662,Topline Care Solutions Ltd,TOPLINE CARE SOLUTIONS,2026-07-29,956.36,placement,Adult Social Care,Private Contractors
1000,Over500_2026_P04_-_published:1679,Topline Care Solutions Ltd,TOPLINE CARE SOLUTIONS,2026-07-29,956.36,placement,Adult Social Care,Private Contractors
1000,Over500_2026_P04_-_published:1797,Eniro Care Ltd,ENIRO CARE,2026-07-29,956.36,placement,Adult Social Care,Private Contractors
1000,Over500_2026_P04_-_published:1884,We Are The Care Company Ltd,WE ARE THE CARE COMPANY,2026-07-29,956.36,placement,Adult Social Care,Private Contractors
1000,Over500_2026_P04_-_published:1900,All-Care (GB) Ltd,ALL CARE GB,2026-07-29,956.36,placement,Adult Social Care,Private Contractors
1000,Over500_2026_P04_-_published:2016,Comfort Harmony Care Ltd,COMFORT HARMONY CARE,2026-07-08,956.36,placement,Adult Social Care,Private Contractors
1000,Over500_2026_P04_-_published:2043,Noubles Healthcare Ltd,NOUBLES HEALTHCARE,2026-07-08,956.36,placement,Adult Social Care,Private Contractors
1000,Over500_2026_P04_-_published:2116,Comfort Harmony Care Ltd,COMFORT HARMONY CARE,2026-07-29,956.36,placement,Adult Social Care,Private Contractors
1000,Over500_2026_P04_-_published:2122,All-Care (GB) Ltd,ALL CARE GB,2026-07-29,956.36,placement,Adult Social Care,Private Contractors
1000,Over500_2026_P04_-_published:2722,Best Pinnacle Care Ltd,BEST PINNACLE CARE,2026-07-15,956.36,placement,Adult Social Care,Private Contractors
1000,Over500_2026_P04_-_published:2739,Best Pinnacle Care Ltd,BEST PINNACLE CARE,2026-07-29,956.36,placement,Adult Social Care,Private Contractors
1000,Over500_2026_P04_-_published:2744,Best Pinnacle Care Ltd,BEST PINNACLE CARE,2026-07-29,956.36,placement,Adult Social Care,Private Contractors
1000,Over500_2026_P04_-_published:3628,Best Pinnacle Care Ltd,BEST PINNACLE CARE,2026-07-15,956.36,placement,Adult Social Care,Private Contractors
1000,Over500_2026_P04_-_published:890,Your Serenity Ltd,YOUR SERENITY,2026-07-01,956.36,placement,Adult Social Care,Private Contractors
1000,Over500_2026_P04_-_published:929,Your Serenity Ltd,YOUR SERENITY,2026-07-08,956.36,placement,Adult Social Care,Private Contractors
1000,Over500_2026_P04_-_published:951,Goldcrest Care Services,GOLDCREST CARE SERVICES,2026-07-15,956.36,placement,Adult Social Care,Private Contractors
1000,Over500_2026_P04_-_published:1393,Caremark (West Berkshire & Reading),CAREMARK WEST BERKSHIRE AND READING,2026-07-15,956.34,placement,Adult Social Care,Private Contractors
1000,Over500_2026_P03_-_published:1183,Eternal Homecare Reading,ETERNAL HOMECARE READING,2026-06-24,956.32,placement,Adult Social Care,Private Contractors
1000,Over500_2026_P04_-_published:1391,Eternal Homecare Reading,ETERNAL HOMECARE READING,2026-07-15,956.32,placement,Adult Social Care,Private Contractors
1000,Over500_2026_P04_-_published:2653,Abi-support Ltd,ABI SUPPORT,2026-07-08,956.32,placement,Adult Social Care,Private Contractors
1000,Over500_2026_P04_-_published:2775,Comfort Harmony Care Ltd,COMFORT HARMONY CARE,2026-07-29,956.32,placement,Adult Social Care,Private Contractors
1000,Over500_2026_P04_-_published:1440,Bloomfield Care Ltd,BLOOMFIELD CARE,2026-07-15,955.36,placement,Adult Social Care,Private Contractors
1000,Over500_2026_P02_-_published:1193,Topline Care Solutions Ltd,TOPLINE CARE SOLUTIONS,2026-05-13,954.05,placement,Adult Social Care,Private Contractors
1000,Over500_2026_P02_-_published:1233,Noubles Healthcare Ltd,NOUBLES HEALTHCARE,2026-05-20,954.05,placement,Adult Social Care,Private Contractors
1000,Over500_2026_P02_-_published:1244,Noubles Healthcare Ltd,NOUBLES HEALTHCARE,2026-05-20,954.05,placement,Adult Social Care,Private Contractors
1000,Over500_2026_P02_-_published:1589,Comfort Harmony Care Ltd,COMFORT HARMONY CARE,2026-05-13,954.05,placement,Adult Social Care,Private Contractors
1000,Over500_2026_P02_-_published:886,Your Serenity Ltd,YOUR SERENITY,2026-05-13,954.05,placement,Adult Social Care,Private Contractors
1000,Over500_2026_P03_-_published:1359,Best Pinnacle Care Ltd,BEST PINNACLE CARE,2026-06-10,954.05,placement,Adult Social Care,Private Contractors
1000,Over500_2026_P03_-_published:1762,Best Pinnacle Care Ltd,BEST PINNACLE CARE,2026-06-10,954.05,placement,Adult Social Care,Private Contractors
1000,Over500_2026_P03_-_published:2822,Eniro Care Ltd,ENIRO CARE,2026-06-03,954.05,placement,Adult Social Care,Private Contractors
1000,Over500_2026_P03_-_published:2983,Best Pinnacle Care Ltd,BEST PINNACLE CARE,2026-06-10,954.05,placement,Adult Social Care,Private Contractors
1000,Over500_2026_P02_-_published:1433,Abi-support Ltd,ABI SUPPORT,2026-05-13,954.02,placement,Adult Social Care,Private Contractors
1000,Over500_2026_P02_-_published:1876,Comfort Harmony Care Ltd,COMFORT HARMONY CARE,2026-05-20,954.02,placement,Adult Social Care,Private Contractors
1000,Over500_2026_P02_-_published:553,Early Education,EARLY EDUCATION,2026-05-27,954.0,general_procurement,Education & SEND,Professional Fees
1000,Over500_2026_P03_-_published:990,Bloomfield Care Ltd,BLOOMFIELD CARE,2026-06-03,953.06,placement,Adult Social Care,Private Contractors
1000,Over500_2026_P03_-_published:1446,Johav Care support Healthcare Limited,JOHAV CARE SUPPORT HEALTHCARE,2026-06-24,952.0,placement,Adult Social Care,Private Contractors
1000,Over500_2026_P04_-_published:2151,Johav Care support Healthcare Limited,JOHAV CARE SUPPORT HEALTHCARE,2026-07-15,952.0,placement,Adult Social Care,Private Contractors
1000,Over500_2026_P04_-_published:2221,Johav Care support Healthcare Limited,JOHAV CARE SUPPORT HEALTHCARE,2026-07-29,952.0,placement,Adult Social Care,Private Contractors
1000,Over500_2026_P02_-_published:455,Cirrus Research PLC,CIRRUS RESEARCH,2026-05-20,951.0,general_procurement,Community Services,Repairs - Equipment
1000,Over500_2026_P04_-_published:1665,We Are The Care Company Ltd,WE ARE THE CARE COMPANY,2026-07-29,950.66,placement,Adult Social Care,Private Contractors
1000,Over500_2026_P03_-_published:1307,Abi-support Ltd,ABI SUPPORT,2026-06-24,950.63,placement,Adult Social Care,Private Contractors
1000,Over500_2026_P03_-_published:722,ADF ENVIRONMENTAL LTD,ADF ENVIRONMENTAL,2026-06-10,950.0,premises,Education & SEND,Survey
1000,Over500_2026_P04_-_published:1016,ACCESS UK LIMITED,ACCESS UK,2026-07-31,950.0,general_procurement,Adult Social Care - Transformation Projects,Professional Fees
1000,Over500_2026_P04_-_published:1619,Your Serenity Ltd,YOUR SERENITY,2026-07-29,949.96,placement,Adult Social Care,Private Contractors
1000,Over500_2026_P04_-_published:1857,Your Serenity Ltd,YOUR SERENITY,2026-07-01,949.96,placement,Adult Social Care,Private Contractors
1000,Over500_2026_P04_-_published:2047,Your Serenity Ltd,YOUR SERENITY,2026-07-08,949.96,placement,Adult Social Care,Private Contractors
1000,Over500_2026_P03_-_published:2912,Johav Care support Healthcare Limited,JOHAV CARE SUPPORT HEALTHCARE,2026-06-10,948.8,placement,Adult Social Care,Private Contractors
1000,Over500_2026_P02_-_published:1611,All-Care (GB) Ltd,ALL CARE GB,2026-05-20,948.35,placement,Adult Social Care,Private Contractors
1000,Over500_2026_P02_-_published:1598,Abi-support Ltd,ABI SUPPORT,2026-05-13,947.96,placement,Adult Social Care,Private Contractors
1000,Over500_2026_P02_-_published:1180,Your Serenity Ltd,YOUR SERENITY,2026-05-13,947.67,placement,Adult Social Care,Private Contractors
1000,Over500_2026_P02_-_published:920,All-Care (GB) Ltd,ALL CARE GB,2026-05-27,945.56,placement,Adult Social Care,Private Contractors
1000,Over500_2026_P02_-_published:866,Purple Oak Support,PURPLE OAK SUPPORT,2026-05-20,945.0,grant,Children's Social Care,Voluntary Associations
1000,Over500_2026_P04_-_published:4,CHANCES GIVES CHOICES,CHANCES GIVES CHOICES,2026-07-31,945.0,agency_staff,Children's Social Care,Agency & Temporary Staff
1000,Over500_2026_P04_-_published:1816,We Are The Care Company Ltd,WE ARE THE CARE COMPANY,2026-07-08,944.98,placement,Adult Social Care,Private Contractors
1000,Over500_2026_P04_-_published:1899,All-Care (GB) Ltd,ALL CARE GB,2026-07-15,944.97,placement,Adult Social Care,Private Contractors
1000,Over500_2026_P02_-_published:1787,Cedar Hope Care Services Ltd,CEDAR HOPE CARE SERVICES,2026-05-22,944.35,placement,Adult Social Care,Private Contractors
1000,Over500_2026_P02_-_published:1614,All-Care (GB) Ltd,ALL CARE GB,2026-05-20,942.65,placement,Adult Social Care,Private Contractors
1000,Over500_2026_P03_-_published:720,WSP UK  LTD,WSP UK,2026-06-11,942.18,general_procurement,Development & Housing,Consultants
1000,Over500_2026_P02_-_published:57,TOTALENERGIES GAS & POWER LIMITED,TOTALENERGIES GAS AND POWER,2026-05-07,941.91,premises,Development & Housing,Energy costs
1000,Over500_2026_P04_-_published:2616,The Yume Project Ltd,THE YUME PROJECT,2026-07-15,940.44,placement,Adult Social Care,Private Contractors
1000,Over500_2026_P04_-_published:2639,The Yume Project Ltd,THE YUME PROJECT,2026-07-15,940.44,placement,Adult Social Care,Private Contractors
1000,Over500_2026_P03_-_published:1523,Affinity Trust Support Ltd,AFFINITY TRUST SUPPORT,2026-06-03,940.42,placement,Adult Social Care,Private Contractors
1000,Over500_2026_P03_-_published:1613,Affinity Trust Support Ltd,AFFINITY TRUST SUPPORT,2026-06-03,940.42,placement,Adult Social Care,Private Contractors
1000,Over500_2026_P03_-_published:1238,All-Care (GB) Ltd,ALL CARE GB,2026-06-24,940.1,placement,Adult Social Care,Private Contractors
1000,Over500_2026_P04_-_published:2379,All-Care (GB) Ltd,ALL CARE GB,2026-07-29,940.1,placement,Adult Social Care,Private Contractors
1000,Over500_2026_P04_-_published:1532,We Are The Care Company Ltd,WE ARE THE CARE COMPANY,2026-07-17,939.27,placement,Adult Social Care,Private Contractors
1000,Over500_2026_P03_-_published:1308,All-Care (GB) Ltd,ALL CARE GB,2026-06-24,939.26,placement,Adult Social Care,Private Contractors
1000,Over500_2026_P03_-_published:2740,Comfort Harmony Care Ltd,COMFORT HARMONY CARE,2026-06-10,939.26,placement,Adult Social Care,Private Contractors
1000,Over500_2026_P04_-_published:2120,I.V Care Limited t/a Good Oaks Home Care (Reading),IV CARE TA GOOD OAKS HOME CARE READING,2026-07-29,939.26,placement,Adult Social Care,Private Contractors
1000,Over500_2026_P04_-_published:1763,HOUSING CARE 21,HOUSING CARE 21,2026-07-29,939.22,placement,Adult Social Care,Private Contractors
1000,Over500_2026_P02_-_published:2078,STEP BY STEP PARTNERSHIP LTD,STEP BY STEP PARTNERSHIP,2026-05-19,938.4,placement,Children's Social Care,Private Contractors
1000,Over500_2026_P02_-_published:2125,STEP BY STEP PARTNERSHIP LTD,STEP BY STEP PARTNERSHIP,2026-05-18,938.4,placement,Children's Social Care,Private Contractors
1000,Over500_2026_P02_-_published:2126,STEP BY STEP PARTNERSHIP LTD,STEP BY STEP PARTNERSHIP,2026-05-19,938.4,placement,Children's Social Care,Private Contractors
1000,Over500_2026_P02_-_published:2127,STEP BY STEP PARTNERSHIP LTD,STEP BY STEP PARTNERSHIP,2026-05-20,938.4,placement,Children's Social Care,Private Contractors
1000,Over500_2026_P02_-_published:2128,STEP BY STEP PARTNERSHIP LTD,STEP BY STEP PARTNERSHIP,2026-05-20,938.4,placement,Children's Social Care,Private Contractors
1000,Over500_2026_P02_-_published:2142,STEP BY STEP PARTNERSHIP LTD,STEP BY STEP PARTNERSHIP,2026-05-19,938.4,placement,Children's Social Care,Private Contractors
1000,Over500_2026_P02_-_published:2147,STEP BY STEP PARTNERSHIP LTD,STEP BY STEP PARTNERSHIP,2026-05-20,938.4,placement,Children's Social Care,Private Contractors
1000,Over500_2026_P02_-_published:2148,STEP BY STEP PARTNERSHIP LTD,STEP BY STEP PARTNERSHIP,2026-05-20,938.4,placement,Children's Social Care,Private Contractors
1000,Over500_2026_P04_-_published:3115,STEP BY STEP PARTNERSHIP LTD,STEP BY STEP PARTNERSHIP,2026-07-23,938.4,placement,Children's Social Care,Private Contractors
1000,Over500_2026_P04_-_published:3116,STEP BY STEP PARTNERSHIP LTD,STEP BY STEP PARTNERSHIP,2026-07-23,938.4,placement,Children's Social Care,Private Contractors
1000,Over500_2026_P04_-_published:3205,STEP BY STEP PARTNERSHIP LTD,STEP BY STEP PARTNERSHIP,2026-07-22,938.4,placement,Children's Social Care,Private Contractors
1000,Over500_2026_P04_-_published:3223,STEP BY STEP PARTNERSHIP LTD,STEP BY STEP PARTNERSHIP,2026-07-22,938.4,placement,Children's Social Care,Private Contractors
1000,Over500_2026_P04_-_published:3224,STEP BY STEP PARTNERSHIP LTD,STEP BY STEP PARTNERSHIP,2026-07-22,938.4,placement,Children's Social Care,Private Contractors
1000,Over500_2026_P04_-_published:3773,STEP BY STEP PARTNERSHIP LTD,STEP BY STEP PARTNERSHIP,2026-07-22,938.4,placement,Children's Social Care,Private Contractors
1000,Over500_2026_P04_-_published:3774,STEP BY STEP PARTNERSHIP LTD,STEP BY STEP PARTNERSHIP,2026-07-23,938.4,placement,Children's Social Care,Private Contractors
1000,Over500_2026_P04_-_published:3779,STEP BY STEP PARTNERSHIP LTD,STEP BY STEP PARTNERSHIP,2026-07-23,938.4,placement,Children's Social Care,Private Contractors
1000,Over500_2026_P03_-_published:1967,Apex Prime Care Ltd,APEX PRIME CARE,2026-06-10,938.08,placement,Adult Social Care,Private Contractors
1000,Over500_2026_P04_-_published:2923,Apex Prime Care Ltd,APEX PRIME CARE,2026-07-17,938.08,placement,Adult Social Care,Private Contractors
1000,Over500_2026_P02_-_published:1612,All-Care (GB) Ltd,ALL CARE GB,2026-05-20,937.16,placement,Adult Social Care,Private Contractors
1000,Over500_2026_P02_-_published:2003,Apex Prime Care Ltd,APEX PRIME CARE,2026-05-20,936.64,placement,Adult Social Care,Private Contractors
1000,Over500_2026_P04_-_published:359,READING TRANSPORT LTD,READING TRANSPORT,2026-07-22,936.0,general_procurement,Education & SEND,Public Transport
1000,Over500_2026_P04_-_published:425,EUCLID LTD,EUCLID,2026-07-09,935.3,general_procurement,Environment,IT
1000,Over500_2026_P04_-_published:136,SOUTHERN MEDICAL LTD,SOUTHERN MEDICAL,2026-07-17,933.91,premises,Adult Social Care,Cleaning
1000,Over500_2026_P03_-_published:2882,All-Care (GB) Ltd,ALL CARE GB,2026-06-24,933.58,placement,Adult Social Care,Private Contractors
1000,Over500_2026_P04_-_published:1330,We Are The Care Company Ltd,WE ARE THE CARE COMPANY,2026-07-08,933.57,placement,Adult Social Care,Private Contractors
1000,Over500_2026_P04_-_published:924,Abi-support Ltd,ABI SUPPORT,2026-07-08,933.57,placement,Adult Social Care,Private Contractors
1000,Over500_2026_P02_-_published:1819,Transparent Care Ltd,TRANSPARENT CARE,2026-05-22,933.48,placement,Adult Social Care,Private Contractors
1000,Over500_2026_P04_-_published:2613,Transparent Care Ltd,TRANSPARENT CARE,2026-07-08,933.48,placement,Adult Social Care,Private Contractors
1000,Over500_2026_P04_-_published:2614,Transparent Care Ltd,TRANSPARENT CARE,2026-07-08,933.48,placement,Adult Social Care,Private Contractors
1000,Over500_2026_P04_-_published:2277,Care @ Home Newbury Ltd,CARE HOME NEWBURY,2026-07-22,933.33,placement,Adult Social Care,Private Contractors
1000,Over500_2026_P03_-_published:4,AMBITION 24 HOURS,AMBITION 24 HOURS,2026-06-10,933.24,agency_staff,Adult Social Care,Agency & Temporary Staff
1000,Over500_2026_P04_-_published:1758,Acorn Home Support Ltd,ACORN HOME SUPPORT,2026-07-08,931.6,placement,Adult Social Care,Private Contractors
1000,Over500_2026_P04_-_published:1786,Acorn Home Support Ltd,ACORN HOME SUPPORT,2026-07-29,931.6,placement,Adult Social Care,Private Contractors
1000,Over500_2026_P02_-_published:1605,Comfort Harmony Care Ltd,COMFORT HARMONY CARE,2026-05-20,931.25,placement,Adult Social Care,Private Contractors
1000,Over500_2026_P02_-_published:794,THE NEWBURY COMMUNITY RESOURCE CENTRE LTD,THE NEWBURY COMMUNITY RESOURCE CENTRE,2026-05-20,931.09,grant,Adult Social Care,Voluntary Associations
1000,Over500_2026_P03_-_published:311,Glen Cleaning Company Ltd,GLEN CLEANING COMPANY,2026-06-09,930.63,premises,Community Services,Cleaning
1000,Over500_2026_P03_-_published:312,Glen Cleaning Company Ltd,GLEN CLEANING COMPANY,2026-06-30,930.63,premises,Community Services,Cleaning
1000,Over500_2026_P04_-_published:397,Glen Cleaning Company Ltd,GLEN CLEANING COMPANY,2026-07-24,930.63,premises,Community Services,Cleaning
1000,Over500_2026_P02_-_published:311,Sikandar Hayat t/a Prompt Cars,SIKANDAR HAYAT TA PROMPT CARS,2026-05-08,930.0,general_procurement,Education & SEND,Transport Hire
1000,Over500_2026_P02_-_published:1585,We Are The Care Company Ltd,WE ARE THE CARE COMPANY,2026-05-06,928.2,placement,Adult Social Care,Private Contractors
1000,Over500_2026_P02_-_published:932,Care Outlook Ltd,CARE OUTLOOK,2026-05-22,926.76,placement,Adult Social Care,Private Contractors
1000,Over500_2026_P04_-_published:1572,We Are The Care Company Ltd,WE ARE THE CARE COMPANY,2026-07-15,926.51,placement,Adult Social Care,Private Contractors
1000,Over500_2026_P03_-_published:2403,VolkerHighways Ltd,VOLKERHIGHWAYS,2026-06-10,925.84,general_procurement,Environment,Payment to contractor
1000,Over500_2026_P04_-_published:47,ANCHOR PIPEWORK LIMITED,ANCHOR PIPEWORK,2026-07-28,925.16,premises,Community Services,Corporate R&M
1000,Over500_2026_P04_-_published:1197,PureSoul Care Ltd,PURESOUL CARE,2026-07-01,923.96,placement,Adult Social Care,Private Contractors
1000,Over500_2026_P03_-_published:1620,CREATIVE SUPPORT,CREATIVE SUPPORT,2026-06-10,923.52,placement,Adult Social Care,Private Contractors
1000,Over500_2026_P04_-_published:2443,CREATIVE SUPPORT,CREATIVE SUPPORT,2026-07-15,923.52,placement,Adult Social Care,Private Contractors
1000,Over500_2026_P04_-_published:2608,CREATIVE SUPPORT,CREATIVE SUPPORT,2026-07-29,923.52,placement,Adult Social Care,Private Contractors
1000,Over500_2026_P02_-_published:1350,CARE PARTNERS (NEWBURY) LTD,CARE PARTNERS NEWBURY,2026-05-27,922.21,placement,Adult Social Care,Private Contractors
1000,Over500_2026_P03_-_published:2992,Comfort Harmony Care Ltd,COMFORT HARMONY CARE,2026-06-24,922.18,placement,Adult Social Care,Private Contractors
1000,Over500_2026_P04_-_published:2063,We Are The Care Company Ltd,WE ARE THE CARE COMPANY,2026-07-08,922.18,placement,Adult Social Care,Private Contractors
1000,Over500_2026_P04_-_published:2773,Comfort Harmony Care Ltd,COMFORT HARMONY CARE,2026-07-08,922.18,placement,Adult Social Care,Private Contractors
1000,Over500_2026_P04_-_published:1859,Bloomfield Care Ltd,BLOOMFIELD CARE,2026-07-01,921.24,placement,Adult Social Care,Private Contractors
1000,Over500_2026_P04_-_published:2280,Bloomfield Care Ltd,BLOOMFIELD CARE,2026-07-29,921.06,placement,Adult Social Care,Private Contractors
1000,Over500_2026_P03_-_published:1160,Care @ Home Newbury Ltd,CARE HOME NEWBURY,2026-06-24,920.86,placement,Adult Social Care,Private Contractors
1000,Over500_2026_P02_-_published:1440,All-Care (GB) Ltd,ALL CARE GB,2026-05-20,920.65,placement,Adult Social Care,Private Contractors
1000,Over500_2026_P02_-_published:1780,CREATIVE SUPPORT,CREATIVE SUPPORT,2026-05-20,920.42,placement,Adult Social Care,Private Contractors
1000,Over500_2026_P03_-_published:190,BRITS AIRPORT CARS LIMITED,BRITS AIRPORT CARS,2026-06-30,920.0,general_procurement,Education & SEND,Transport Hire
1000,Over500_2026_P03_-_published:308,SYNCARE T/A REDLAND HEALTHCARE LTD,SYNCARE TA REDLAND HEALTHCARE,2026-06-01,919.96,premises,Adult Social Care,Cleaning
1000,Over500_2026_P02_-_published:1349,Care @ Home Newbury Ltd,CARE HOME NEWBURY,2026-05-27,918.58,placement,Adult Social Care,Private Contractors
1000,Over500_2026_P04_-_published:2452,The Yume Project Ltd,THE YUME PROJECT,2026-07-15,918.54,placement,Adult Social Care,Private Contractors
1000,Over500_2026_P04_-_published:665,SPIRE RIDGE BOARDING KENNELS AND CATTERY,SPIRE RIDGE BOARDING KENNELS AND CATTERY,2026-07-16,918.0,general_procurement,Adult Social Care,Animal welfare
1000,Over500_2026_P03_-_published:129,CASTLE WATER LIMITED,CASTLE WATER,2026-06-19,917.01,premises,Development & Housing,Water Rates
1000,Over500_2026_P04_-_published:2325,INDEPENDENCE WITH DIGNITY SUPPORT SERVICES LTD,INDEPENDENCE WITH DIGNITY SUPPORT SERVICES,2026-07-08,916.72,placement,Adult Social Care,Private Contractors
1000,Over500_2026_P04_-_published:2578,INDEPENDENCE WITH DIGNITY SUPPORT SERVICES LTD,INDEPENDENCE WITH DIGNITY SUPPORT SERVICES,2026-07-29,916.72,placement,Adult Social Care,Private Contractors
1000,Over500_2026_P04_-_published:1548,CARE PARTNERS (NEWBURY) LTD,CARE PARTNERS NEWBURY,2026-07-29,916.3,placement,Adult Social Care,Private Contractors
1000,Over500_2026_P03_-_published:682,WSP UK  LTD,WSP UK,2026-06-30,916.21,general_procurement,Environment,Payment to contractor
1000,Over500_2026_P03_-_published:1034,Eternal Homecare Reading,ETERNAL HOMECARE READING,2026-06-03,915.74,placement,Adult Social Care,Private Contractors
1000,Over500_2026_P02_-_published:513,ACS Business Supplies Ltd,ACS BUSINESS SUPPLIES,2026-05-07,914.93,general_procurement,Community Services,Print & Stationery
1000,Over500_2026_P04_-_published:34,Expert Access Solutions Ltd,EXPERT ACCESS SOLUTIONS,2026-07-31,914.0,premises,Adult Social Care,Corporate R&M
1000,Over500_2026_P02_-_published:1763,INDEPENDENCE WITH DIGNITY SUPPORT SERVICES LTD,INDEPENDENCE WITH DIGNITY SUPPORT SERVICES,2026-05-20,913.18,placement,Adult Social Care,Private Contractors
1000,Over500_2026_P03_-_published:1207,PureSoul Care Ltd,PURESOUL CARE,2026-06-24,913.12,placement,Adult Social Care,Private Contractors
1000,Over500_2026_P04_-_published:1460,PureSoul Care Ltd,PURESOUL CARE,2026-07-15,913.12,placement,Adult Social Care,Private Contractors
1000,Over500_2026_P04_-_published:1461,PureSoul Care Ltd,PURESOUL CARE,2026-07-15,913.1,placement,Adult Social Care,Private Contractors
1000,Over500_2026_P03_-_published:1145,PureSoul Care Ltd,PURESOUL CARE,2026-06-17,913.08,placement,Adult Social Care,Private Contractors
1000,Over500_2026_P03_-_published:1147,PureSoul Care Ltd,PURESOUL CARE,2026-06-17,913.08,placement,Adult Social Care,Private Contractors
1000,Over500_2026_P03_-_published:1305,PureSoul Care Ltd,PURESOUL CARE,2026-06-17,913.08,placement,Adult Social Care,Private Contractors
1000,Over500_2026_P04_-_published:1475,PureSoul Care Ltd,PURESOUL CARE,2026-07-15,913.08,placement,Adult Social Care,Private Contractors
1000,Over500_2026_P04_-_published:503,Melanie Sneddon,MELANIE SNEDDON,2026-07-15,912.5,general_procurement,Environment,Training Third Parties
1000,Over500_2026_P02_-_published:547,PRESTIGE NETWORK,PRESTIGE NETWORK,2026-05-27,912.0,general_procurement,Children's Social Care,Professional Fees
1000,Over500_2026_P04_-_published:3804,Young Giants Ltd.,YOUNG GIANTS,2026-07-16,912.0,placement,Education (DSG Funded) & Other Education Grants,Other agencies
1000,Over500_2026_P02_-_published:1258,PureSoul Care Ltd,PURESOUL CARE,2026-05-20,910.9,placement,Adult Social Care,Private Contractors
1000,Over500_2026_P02_-_published:1263,PureSoul Care Ltd,PURESOUL CARE,2026-05-20,910.86,placement,Adult Social Care,Private Contractors
1000,Over500_2026_P02_-_published:1278,PureSoul Care Ltd,PURESOUL CARE,2026-05-20,910.86,placement,Adult Social Care,Private Contractors
1000,Over500_2026_P02_-_published:1434,PureSoul Care Ltd,PURESOUL CARE,2026-05-20,910.86,placement,Adult Social Care,Private Contractors
1000,Over500_2026_P02_-_published:927,PureSoul Care Ltd,PURESOUL CARE,2026-05-20,910.86,placement,Adult Social Care,Private Contractors
1000,Over500_2026_P04_-_published:2651,Topline Care Solutions Ltd,TOPLINE CARE SOLUTIONS,2026-07-29,910.81,placement,Adult Social Care,Private Contractors
1000,Over500_2026_P04_-_published:2810,Abi-support Ltd,ABI SUPPORT,2026-07-15,910.81,placement,Adult Social Care,Private Contractors
1000,Over500_2026_P03_-_published:997,Eniro Care Ltd,ENIRO CARE,2026-06-03,910.8,placement,Adult Social Care,Private Contractors
1000,Over500_2026_P04_-_published:1781,Goldcrest Care Services,GOLDCREST CARE SERVICES,2026-07-01,910.8,placement,Adult Social Care,Private Contractors
1000,Over500_2026_P04_-_published:2064,I.V Care Limited t/a Good Oaks Home Care (Reading),IV CARE TA GOOD OAKS HOME CARE READING,2026-07-29,910.8,placement,Adult Social Care,Private Contractors
1000,Over500_2026_P04_-_published:2569,FOCUS SUPPORT LTD,FOCUS SUPPORT,2026-07-29,910.8,placement,Adult Social Care,Private Contractors
1000,Over500_2026_P04_-_published:2801,I.V Care Limited t/a Good Oaks Home Care (Reading),IV CARE TA GOOD OAKS HOME CARE READING,2026-07-01,910.8,placement,Adult Social Care,Private Contractors
1000,Over500_2026_P02_-_published:762,G7 BUSINESS SOLUTIONS LIMITED,G7 BUSINESS SOLUTIONS,2026-05-19,910.0,general_procurement,"Finance, Property & Procurement",Consultants
1000,Over500_2026_P03_-_published:3085,SEISMIC SEWAGE SYSTEMS LTD,SEISMIC SEWAGE SYSTEMS,2026-06-01,910.0,general_procurement,Environment,Private Contractors
1000,Over500_2026_P04_-_published:2791,JC99 Ltd T/A Visiting Angels,JC99 TA VISITING ANGELS,2026-07-15,909.19,placement,Adult Social Care,Private Contractors
1000,Over500_2026_P03_-_published:1261,Acorn Home Support Ltd,ACORN HOME SUPPORT,2026-06-10,908.31,placement,Adult Social Care,Private Contractors
1000,Over500_2026_P02_-_published:1766,FOCUS SUPPORT LTD,FOCUS SUPPORT,2026-05-20,907.72,placement,Adult Social Care,Private Contractors
1000,Over500_2026_P02_-_published:888,We Are The Care Company Ltd,WE ARE THE CARE COMPANY,2026-05-13,907.16,placement,Adult Social Care,Private Contractors
1000,Over500_2026_P02_-_published:1791,VOYAGE CARE,VOYAGE CARE,2026-05-22,906.72,placement,Adult Social Care,Private Contractors
1000,Over500_2026_P03_-_published:1707,VOYAGE CARE,VOYAGE CARE,2026-06-24,906.72,placement,Adult Social Care,Private Contractors
1000,Over500_2026_P04_-_published:2404,VOYAGE CARE,VOYAGE CARE,2026-07-15,906.72,placement,Adult Social Care,Private Contractors
1000,Over500_2026_P03_-_published:1767,PURLEY PARK TRUST LTD,PURLEY PARK TRUST,2026-06-24,906.24,placement,Adult Social Care,Private Contractors
1000,Over500_2026_P03_-_published:1840,JC99 Ltd T/A Visiting Angels,JC99 TA VISITING ANGELS,2026-06-10,906.07,placement,Adult Social Care,Private Contractors
1000,Over500_2026_P04_-_published:820,WSP UK  LTD,WSP UK,2026-07-02,905.58,general_procurement,Environment,Payment to contractor
1000,Over500_2026_P04_-_published:241,EVM DIRECT LIMITED,EVM DIRECT,2026-07-14,905.34,general_procurement,Environment,Direct Transport Costs
1000,Over500_2026_P04_-_published:3290,Manor Primary School,MANOR PRIMARY SCHOOL,2026-07-16,905.33,placement,Education (DSG Funded) & Other Education Grants,Other agencies
1000,Over500_2026_P02_-_published:1376,Acorn Home Support Ltd,ACORN HOME SUPPORT,2026-05-13,905.15,placement,Adult Social Care,Private Contractors
1000,Over500_2026_P03_-_published:1142,Eniro Care Ltd,ENIRO CARE,2026-06-10,905.1,placement,Adult Social Care,Private Contractors
1000,Over500_2026_P02_-_published:399,MRS M F RICHARDSON T/A MFR Contracts,MRS MF RICHARDSON TA MFR CONTRACTS,2026-05-20,905.0,general_procurement,Education & SEND,Transport Hire
1000,Over500_2026_P02_-_published:871,BUPA Care Services,BUPA CARE SERVICES,2026-05-13,903.95,placement,Adult Social Care,Private Contractors
1000,Over500_2026_P03_-_published:48,ANCHOR PIPEWORK LIMITED,ANCHOR PIPEWORK,2026-06-09,903.68,premises,Community Services,Corporate R&M
1000,Over500_2026_P04_-_published:1764,HOUSING CARE 21,HOUSING CARE 21,2026-07-29,901.9,placement,Adult Social Care,Private Contractors
1000,Over500_2026_P03_-_published:137,Glen Cleaning Company Ltd,GLEN CLEANING COMPANY,2026-06-08,901.77,premises,Community Services,Cleaning
1000,Over500_2026_P04_-_published:126,Glen Cleaning Company Ltd,GLEN CLEANING COMPANY,2026-07-30,901.77,premises,Community Services,Cleaning
1000,Over500_2026_P04_-_published:141,Glen Cleaning Company Ltd,GLEN CLEANING COMPANY,2026-07-30,901.77,premises,Community Services,Cleaning
1000,Over500_2026_P04_-_published:142,Glen Cleaning Company Ltd,GLEN CLEANING COMPANY,2026-07-30,901.77,premises,Community Services,Cleaning
1000,Over500_2026_P03_-_published:306,SOUTHERN MEDICAL LTD,SOUTHERN MEDICAL,2026-06-16,901.47,premises,Adult Social Care,Cleaning
1000,Over500_2026_P03_-_published:80,SSE ENERGY SOLUTIONS,SSE ENERGY SOLUTIONS,2026-06-01,901.45,premises,Environment,Energy costs
1000,Over500_2026_P02_-_published:2165,Chipside Ltd,CHIPSIDE,2026-05-12,900.0,general_procurement,Environment,Private Contractors
1000,Over500_2026_P03_-_published:1873,Purple Oak Support,PURPLE OAK SUPPORT,2026-06-17,900.0,placement,Adult Social Care,Private Contractors
1000,Over500_2026_P03_-_published:462,Amber Athill (12CP Barristers),AMBER ATHILL 12CP BARRISTERS,2026-06-09,900.0,general_procurement,Community Services,Professional Fees
1000,Over500_2026_P04_-_published:57,BERKSHIRE MECHANICAL SERVICES,BERKSHIRE MECHANICAL SERVICES,2026-07-09,900.0,premises,Development & Housing,Corporate R&M
