test_id,risk_id,item,source_file,source_line,item_boundary,item_Supplier name,item_supplier_norm,item_date,item_Net amount,item_tag,item_Service,item_Narrative,row_id,month_file,excel_row,date,Service,Expenditure category,Narrative,Supplier name,supplier_norm,Net amount,tag
T-03,R-01,1,threshold_clustering.csv,13,25000,Triple Value Impact,TRIPLE VALUE IMPACT,2026-06-18,24244.0,general_procurement,Chief Executive,General Expenses,Over500_2026_P03_-_published:649,Over500_2026_P03_-_published,649,2026-06-18,Chief Executive,Supplies & Services,General Expenses,Triple Value Impact,TRIPLE VALUE IMPACT,24244.0,general_procurement
T-03,R-01,2,threshold_clustering.csv,32,25000,Elior UK PLC,ELIOR UK,2026-05-27,23694.03,general_procurement,Adult Social Care,Catering,Over500_2026_P02_-_published:530,Over500_2026_P02_-_published,530,2026-05-27,Adult Social Care,Supplies & Services,Catering,Elior UK PLC,ELIOR UK,23694.03,general_procurement
T-03,R-01,3,threshold_clustering.csv,48,1000,PREPAID FINANCIAL SERVICES,PREPAID FINANCIAL SERVICES,2026-05-27,1000.0,general_procurement,Development & Housing,Purchase - Equipment,Over500_2026_P02_-_published:449,Over500_2026_P02_-_published,449,2026-05-27,Development & Housing,Supplies & Services,Purchase - Equipment,PREPAID FINANCIAL SERVICES,PREPAID FINANCIAL SERVICES,1000.0,general_procurement
T-03,R-01,4,threshold_clustering.csv,57,1000,Becky Turner,BECKY TURNER,2026-07-14,1000.0,general_procurement,Adult Social Care,Professional Fees,Over500_2026_P04_-_published:1006,Over500_2026_P04_-_published,1006,2026-07-14,Adult Social Care,Supplies & Services,Professional Fees,Becky Turner,BECKY TURNER,1000.0,general_procurement
T-03,R-01,5,threshold_clustering.csv,70,1000,ALAN FULLER,ALAN FULLER,2026-07-16,1000.0,general_procurement,Community Services,Professional Fees,Over500_2026_P04_-_published:613,Over500_2026_P04_-_published,613,2026-07-16,Community Services,Supplies & Services,Professional Fees,ALAN FULLER,ALAN FULLER,1000.0,general_procurement
T-03,R-01,6,threshold_clustering.csv,89,1000,PRESTIGE NETWORK,PRESTIGE NETWORK,2026-06-15,993.48,general_procurement,Children's Social Care,Professional Fees,Over500_2026_P03_-_published:831,Over500_2026_P03_-_published,831,2026-06-15,Children's Social Care,Supplies & Services,Professional Fees,PRESTIGE NETWORK,PRESTIGE NETWORK,993.48,general_procurement
T-03,R-01,7,threshold_clustering.csv,95,1000,FAMILY FUTURES CONSORTIUM CIC,FAMILY FUTURES CONSORTIUM CIC,2026-07-15,990.0,general_procurement,Children's Social Care,Professional Fees,Over500_2026_P04_-_published:1007,Over500_2026_P04_-_published,1007,2026-07-15,Children's Social Care,Supplies & Services,Professional Fees,FAMILY FUTURES CONSORTIUM CIC,FAMILY FUTURES CONSORTIUM CIC,990.0,general_procurement
T-03,R-01,8,threshold_clustering.csv,116,1000,N Mehmood T/A A Star Executive Cars Ltd,N MEHMOOD TAA STAR EXECUTIVE CARS,2026-05-12,980.0,general_procurement,Education & SEND,Transport Hire,Over500_2026_P02_-_published:313,Over500_2026_P02_-_published,313,2026-05-12,Education & SEND,Transport,Transport Hire,N Mehmood T/A A Star Executive Cars Ltd,N MEHMOOD TAA STAR EXECUTIVE CARS,980.0,general_procurement
T-03,R-01,9,threshold_clustering.csv,124,1000,MAISHA STAFFING SOLUTIONS LTD,MAISHA STAFFING SOLUTIONS,2026-07-29,975.0,general_procurement,Children's Social Care,Transport Hire,Over500_2026_P04_-_published:432,Over500_2026_P04_-_published,432,2026-07-29,Children's Social Care,Transport,Transport Hire,MAISHA STAFFING SOLUTIONS LTD,MAISHA STAFFING SOLUTIONS,975.0,general_procurement
T-03,R-01,10,threshold_clustering.csv,145,1000,Premier Cars,PREMIER CARS,2026-06-03,968.0,general_procurement,Education & SEND,Transport Hire,Over500_2026_P03_-_published:166,Over500_2026_P03_-_published,166,2026-06-03,Education & SEND,Transport,Transport Hire,Premier Cars,PREMIER CARS,968.0,general_procurement
T-03,R-01,11,threshold_clustering.csv,208,1000,Early Education,EARLY EDUCATION,2026-05-27,954.0,general_procurement,Education & SEND,Professional Fees,Over500_2026_P02_-_published:553,Over500_2026_P02_-_published,553,2026-05-27,Education & SEND,Supplies & Services,Professional Fees,Early Education,EARLY EDUCATION,954.0,general_procurement
T-03,R-01,12,threshold_clustering.csv,265,1000,READING TRANSPORT LTD,READING TRANSPORT,2026-07-22,936.0,general_procurement,Education & SEND,Public Transport,Over500_2026_P04_-_published:359,Over500_2026_P04_-_published,359,2026-07-22,Education & SEND,Supplies & Services,Public Transport,READING TRANSPORT LTD,READING TRANSPORT,936.0,general_procurement
T-03,R-01,13,threshold_clustering.csv,302,1000,BRITS AIRPORT CARS LIMITED,BRITS AIRPORT CARS,2026-06-30,920.0,general_procurement,Education & SEND,Transport Hire,Over500_2026_P03_-_published:190,Over500_2026_P03_-_published,190,2026-06-30,Education & SEND,Transport,Transport Hire,BRITS AIRPORT CARS LIMITED,BRITS AIRPORT CARS,920.0,general_procurement
T-03,R-01,14,threshold_clustering.csv,323,1000,Melanie Sneddon,MELANIE SNEDDON,2026-07-15,912.5,general_procurement,Environment,Training Third Parties,Over500_2026_P04_-_published:503,Over500_2026_P04_-_published,503,2026-07-15,Environment,Supplies & Services,Training Third Parties,Melanie Sneddon,MELANIE SNEDDON,912.5,general_procurement
T-03,R-01,15,threshold_clustering.csv,349,1000,WSP UK  LTD,WSP UK,2026-07-02,905.58,general_procurement,Environment,Payment to contractor,Over500_2026_P04_-_published:820,Over500_2026_P04_-_published,820,2026-07-02,Environment,Third Party Payments,Payment to contractor,WSP UK  LTD,WSP UK,905.58,general_procurement
